col_1,col_2
0,2202
1,9326
2,1034
3,4180
4,1932
5,8118
6,7365
7,7738
8,6220
9,3440
10,1538
11,7994
12,465
13,6387
14,7091
15,9953
16,35
17,7298
18,4364
19,3749
20,9686
21,1675
22,5201
23,502
24,366
25,417
26,8871
27,151
28,6246
29,3549
30,6916
31,476
32,8645
33,3633
34,7175
35,8124
36,9059
37,3819
38,5664
39,3783
40,3585
41,7531
42,4748
43,353
44,6819
45,9117
46,1639
47,3046
48,4857
49,1981
50,5451
51,8206
52,6916
53,8319
54,3111
55,4971
56,4656
57,9627
58,8182
59,8279
60,6445
61,9651
62,566
63,7869
64,3978
65,6624
66,6789
67,2835
68,6015
69,8992
70,6140
71,1417
72,7192
73,8331
74,1769
75,2683
76,8536
77,6444
78,6071
79,8024
80,485
81,7690
82,713
83,5055
84,9719
85,9473
86,6449
87,2792
88,2763
89,8229
90,3719
91,202
92,3269
93,8842
94,8984
95,3804
96,6627
97,8418
98,5634
99,9467
100,5789
101,7523
102,4412
103,8979
104,9977
105,94
106,6287
107,8397
108,2118
109,8499
110,9198
111,3367
112,6982
113,920
114,7883
115,5976
116,9339
117,9084
118,3275
119,8270
120,6774
121,7946
122,5846
123,6790
124,5671
125,26
126,8823
127,8850
128,5426
129,7507
130,9829
131,459
132,3762
133,2904
134,9024
135,9576
136,2962
137,1501
138,9029
139,4183
140,532
141,1155
142,1364
143,274
144,7422
145,239
146,4608
147,4089
148,4402
149,1794
150,3025
151,5644
152,4757
153,1139
154,2744
155,2616
156,4182
157,8641
158,2755
159,4472
160,4825
161,7450
162,5276
163,8135
164,7763
165,1871
166,388
167,5112
168,6334
169,5626
170,6897
171,3081
172,4234
173,1782
174,4153
175,8358
176,3426
177,9923
178,7073
179,342
180,3693
181,293
182,6510
183,2400
184,579
185,2626
186,7302
187,8296
188,6991
189,8925
190,3615
191,8464
192,7387
193,3657
194,8584
195,503
196,6471
197,9435
198,5264
199,6985
200,964
201,4893
202,2060
203,3476
204,778
205,5020
206,1159
207,1253
208,5085
209,4881
210,2593
211,6819
212,9256
213,4135
214,2137
215,139
216,9187
217,622
218,9677
219,3566
220,9344
221,7551
222,2811
223,8338
224,614
225,6193
226,3284
227,5685
228,1623
229,3372
230,9395
231,7094
232,9690
233,3181
234,8067
235,1711
236,6391
237,4851
238,8260
239,8189
240,282
241,5331
242,6592
243,4610
244,297
245,2572
246,3291
247,5370
248,9230
249,2215
250,5556
251,7033
252,3491
253,4367
254,1580
255,6214
256,8973
257,5634
258,8755
259,7939
260,8725
261,3845
262,1071
263,662
264,1388
265,2180
266,2781
267,2729
268,8819
269,3490
270,4392
271,5444
272,9834
273,8289
274,4183
275,6032
276,5552
277,5576
278,1867
279,4772
280,3854
281,9896
282,8009
283,2218
284,9503
285,9031
286,1709
287,5255
288,642
289,6662
290,1200
291,6230
292,2414
293,2049
294,5586
295,1880
296,9625
297,6194
298,1256
299,9352
300,9016
301,3666
302,9273
303,1340
304,4371
305,5979
306,4843
307,9248
308,8754
309,1873
310,7501
311,4542
312,1766
313,750
314,4846
315,203
316,239
317,1503
318,6776
319,1886
320,656
321,3079
322,3927
323,9615
324,6898
325,2655
326,1894
327,7388
328,2743
329,3956
330,2605
331,1685
332,7129
333,6198
334,8896
335,4818
336,9015
337,4152
338,7816
339,5153
340,1641
341,3402
342,5201
343,650
344,447
345,173
346,4843
347,9775
348,5247
349,7371
350,6411
351,5133
352,6530
353,1032
354,1052
355,5200
356,9855
357,7469
358,1825
359,4098
360,3526
361,8896
362,7683
363,5830
364,4245
365,3002
366,8874
367,3406
368,5036
369,3264
370,4037
371,5906
372,1334
373,4601
374,1465
375,7339
376,1483
377,9411
378,5553
379,3727
380,6398
381,5027
382,673
383,5362
384,3061
385,5190
386,9487
387,4962
388,4028
389,5478
390,1654
391,8917
392,9487
393,9765
394,1509
395,4016
396,3608
397,334
398,3994
399,6583
400,1186
401,4392
402,9031
403,1162
404,1231
405,353
406,163
407,4765
408,5885
409,8082
410,7682
411,2527
412,1654
413,8216
414,5376
415,1264
416,8344
417,2839
418,2943
419,2451
420,2319
421,5240
422,5008
423,1752
424,8428
425,9862
426,4809
427,2070
428,3388
429,2322
430,8938
431,521
432,5179
433,9060
434,3366
435,2919
436,4898
437,7089
438,8807
439,2587
440,796
441,4052
442,4139
443,1056
444,7319
445,7048
446,9000
447,4100
448,8870
449,7200
450,8816
451,7428
452,179
453,6484
454,5549
455,2811
456,4227
457,7960
458,400
459,6827
460,9349
461,310
462,1022
463,5816
464,9504
465,2266
466,9725
467,2051
468,2270
469,4246
470,4537
471,6518
472,9242
473,6572
474,2821
475,1463
476,3827
477,7963
478,123
479,2910
480,8663
481,5198
482,8207
483,7182
484,3699
485,3906
486,5128
487,8112
488,7846
489,3688
490,6755
491,5521
492,9182
493,4510
494,3596
495,790
496,1173
497,8384
498,6041
499,2613
500,8383
501,3340
502,5109
503,4895
504,4909
505,9050
506,6089
507,2707
508,7615
509,9742
510,1393
511,2020
512,9931
513,8421
514,9360
515,6181
516,2889
517,2553
518,4106
519,6992
520,3566
521,9331
522,855
523,8111
524,6449
525,5702
526,6292
527,8439
528,2701
529,8917
530,667
531,8589
532,1482
533,4181
534,1656
535,4384
536,1372
537,2280
538,1344
539,7292
540,3949
541,6265
542,7093
543,6509
544,2700
545,5333
546,7179
547,2070
548,7995
549,3474
550,1953
551,7066
552,9842
553,8750
554,6689
555,1935
556,4842
557,4550
558,4067
559,6208
560,9165
561,66
562,3111
563,8657
564,7189
565,9488
566,345
567,505
568,9923
569,3969
570,4267
571,3386
572,2833
573,4666
574,2432
575,8886
576,3285
577,4477
578,5098
579,9597
580,4111
581,7314
582,2753
583,8936
584,5849
585,8042
586,6881
587,1996
588,3424
589,9348
590,6280
591,3356
592,4654
593,1772
594,396
595,1935
596,9328
597,217
598,8934
599,4857
600,2238
601,1232
602,8199
603,6124
604,9382
605,5100
606,7163
607,8242
608,5847
609,8658
610,5304
611,14
612,2030
613,7247
614,7366
615,5738
616,4994
617,8836
618,6544
619,5561
620,9363
621,8066
622,1853
623,6186
624,6266
625,3341
626,9125
627,64
628,4549
629,9801
630,8372
631,3259
632,7563
633,9845
634,8470
635,6701
636,5003
637,2791
638,7363
639,8700
640,3234
641,5889
642,8622
643,58
644,6377
645,9493
646,6978
647,6640
648,5506
649,9576
650,1110
651,8073
652,4058
653,4766
654,341
655,6669
656,2558
657,6510
658,4428
659,2919
660,1203
661,9920
662,166
663,5726
664,4335
665,6737
666,8917
667,4976
668,2492
669,7571
670,4250
671,7939
672,2780
673,7654
674,8362
675,744
676,4438
677,8361
678,1616
679,9677
680,6924
681,1143
682,5820
683,1098
684,7250
685,324
686,2690
687,8310
688,2649
689,1525
690,6586
691,4519
692,9913
693,4988
694,3423
695,8653
696,3404
697,3887
698,5472
699,4409
700,1124
701,1227
702,8573
703,6033
704,7667
705,8381
706,9137
707,815
708,2762
709,4865
710,9114
711,4420
712,5831
713,9989
714,3803
715,6432
716,9193
717,6549
718,2824
719,7924
720,4253
721,5401
722,3643
723,4240
724,9994
725,4002
726,501
727,6597
728,5187
729,7075
730,4071
731,4409
732,3112
733,1189
734,2714
735,9489
736,7268
737,9527
738,2428
739,9933
740,4293
741,7527
742,8628
743,2663
744,2272
745,2263
746,7221
747,5917
748,5076
749,6566
750,3941
751,1898
752,3379
753,5006
754,1118
755,1744
756,3730
757,6505
758,5266
759,8067
760,1638
761,3060
762,737
763,907
764,9790
765,382
766,3549
767,569
768,8102
769,8660
770,7247
771,5611
772,4499
773,1935
774,2830
775,1561
776,3639
777,6549
778,3822
779,8111
780,7370
781,6192
782,2763
783,3797
784,3863
785,4648
786,7579
787,8963
788,9502
789,6384
790,3472
791,7401
792,4226
793,5409
794,8132
795,9726
796,1818
797,3504
798,1292
799,758
800,253
801,86
802,7871
803,5236
804,6278
805,9507
806,4706
807,3210
808,6553
809,2623
810,2495
811,500
812,249
813,6346
814,2379
815,8890
816,936
817,9253
818,6218
819,4165
820,2130
821,1303
822,7584
823,4971
824,237
825,582
826,8798
827,997
828,8601
829,2113
830,702
831,4483
832,1925
833,7087
834,1492
835,3115
836,453
837,8187
838,2136
839,4576
840,3145
841,7333
842,6385
843,5404
844,4391
845,4258
846,3983
847,4022
848,987
849,9633
850,9675
851,2872
852,5729
853,7021
854,9919
855,9180
856,8556
857,997
858,5788
859,8961
860,6761
861,8817
862,3267
863,8789
864,6949
865,1149
866,4377
867,1185
868,4122
869,2910
870,1583
871,2475
872,962
873,3332
874,7015
875,736
876,866
877,1495
878,8403
879,7687
880,8211
881,6067
882,1627
883,5124
884,658
885,2075
886,8708
887,544
888,7264
889,2101
890,6475
891,7309
892,404
893,8594
894,4424
895,1481
896,4097
897,5332
898,1406
899,4946
900,561
901,6296
902,953
903,4277
904,5132
905,2131
906,4265
907,6229
908,1920
909,4977
910,1542
911,6961
912,4021
913,8237
914,9129
915,3366
916,5409
917,5549
918,8345
919,6408
920,9571
921,7884
922,1716
923,2126
924,7351
925,8582
926,9153
927,9526
928,8521
929,8776
930,496
931,4774
932,2573
933,3277
934,6068
935,6378
936,8538
937,5313
938,1596
939,6710
940,5659
941,2071
942,9420
943,1063
944,714
945,4924
946,8744
947,5139
948,6842
949,4888
950,5224
951,5778
952,4468
953,5330
954,8522
955,8210
956,142
957,8621
958,1997
959,2438
960,5196
961,5335
962,5367
963,9390
964,1128
965,7403
966,4582
967,7860
968,7441
969,5967
970,6235
971,1281
972,9486
973,920
974,2205
975,799
976,8581
977,8064
978,9431
979,4128
980,4021
981,9401
982,5549
983,5925
984,6065
985,6596
986,5037
987,7612
988,9802
989,5578
990,8719
991,8316
992,2750
993,477
994,2431
995,4099
996,3624
997,9221
998,2186
999,1848
1000,3025
1001,6736
1002,821
1003,1626
1004,8941
1005,4354
1006,1753
1007,3348
1008,4288
1009,1095
1010,9359
1011,8625
1012,1287
1013,1193
1014,3562
1015,2841
1016,8381
1017,7080
1018,358
1019,9673
1020,6032
1021,7974
1022,4649
1023,3604
1024,3284
1025,9799
1026,8088
1027,3854
1028,6971
1029,7409
1030,6016
1031,8921
1032,3094
1033,7900
1034,1192
1035,4204
1036,6674
1037,3300
1038,136
1039,8717
1040,6238
1041,8427
1042,7981
1043,1252
1044,6615
1045,8357
1046,9475
1047,9579
1048,6973
1049,658
1050,5765
1051,7512
1052,105
1053,3110
1054,4905
1055,91
1056,8861
1057,1967
1058,4959
1059,8397
1060,5171
1061,8897
1062,9372
1063,9034
1064,4629
1065,8612
1066,6741
1067,8881
1068,8485
1069,6690
1070,9876
1071,9521
1072,5043
1073,7415
1074,4947
1075,2146
1076,8296
1077,7278
1078,9606
1079,2300
1080,9012
1081,2671
1082,4141
1083,158
1084,6950
1085,9272
1086,594
1087,6036
1088,6896
1089,6589
1090,4613
1091,301
1092,1483
1093,1476
1094,79
1095,6282
1096,4406
1097,7609
1098,4456
1099,6106
1100,7888
1101,5514
1102,6365
1103,7474
1104,1909
1105,7926
1106,5809
1107,2371
1108,6803
1109,2430
1110,298
1111,2820
1112,4264
1113,6026
1114,2083
1115,9660
1116,4705
1117,6766
1118,4226
1119,8418
1120,4707
1121,6894
1122,4484
1123,7103
1124,5504
1125,7960
1126,3531
1127,8051
1128,6585
1129,6966
1130,1498
1131,1056
1132,2122
1133,3378
1134,2452
1135,3756
1136,429
1137,1692
1138,4149
1139,2552
1140,7861
1141,1622
1142,6540
1143,3071
1144,50
1145,1461
1146,7008
1147,834
1148,9005
1149,3577
1150,8758
1151,6913
1152,5681
1153,771
1154,1691
1155,9058
1156,6876
1157,1944
1158,4348
1159,4568
1160,2934
1161,7860
1162,782
1163,3510
1164,1429
1165,6386
1166,2029
1167,7329
1168,4821
1169,8321
1170,8159
1171,6441
1172,1904
1173,9931
1174,7852
1175,1734
1176,2444
1177,6331
1178,3297
1179,2739
1180,8532
1181,4221
1182,6826
1183,8794
1184,4729
1185,8069
1186,8926
1187,3517
1188,5523
1189,7963
1190,1686
1191,141
1192,5684
1193,4384
1194,925
1195,8857
1196,7214
1197,4913
1198,1651
1199,3745
1200,8324
1201,4499
1202,4430
1203,4037
1204,6745
1205,2431
1206,2134
1207,4200
1208,3200
1209,6681
1210,9189
1211,9806
1212,958
1213,8730
1214,9978
1215,8346
1216,2439
1217,6780
1218,4427
1219,4585
1220,7867
1221,5011
1222,4376
1223,8050
1224,3513
1225,8172
1226,6025
1227,9815
1228,7710
1229,3960
1230,5545
1231,2887
1232,9925
1233,2969
1234,9512
1235,7392
1236,8762
1237,2449
1238,953
1239,8257
1240,5342
1241,8659
1242,2213
1243,3493
1244,5167
1245,8090
1246,7871
1247,5408
1248,1940
1249,2096
1250,2296
1251,4202
1252,3687
1253,1443
1254,8829
1255,820
1256,9226
1257,2820
1258,1903
1259,3707
1260,9229
1261,3268
1262,8242
1263,9300
1264,5045
1265,6919
1266,5369
1267,70
1268,329
1269,5003
1270,3609
1271,1386
1272,3679
1273,4591
1274,5589
1275,4409
1276,9850
1277,8494
1278,6215
1279,379
1280,1994
1281,5405
1282,5686
1283,2285
1284,1858
1285,4110
1286,2348
1287,9405
1288,673
1289,5686
1290,1268
1291,1505
1292,1691
1293,4915
1294,5195
1295,4079
1296,4413
1297,8678
1298,816
1299,5928
1300,511
1301,1284
1302,2278
1303,6543
1304,6096
1305,3966
1306,1538
1307,5388
1308,4484
1309,131
1310,8442
1311,5273
1312,1839
1313,5774
1314,2063
1315,9932
1316,4442
1317,6639
1318,1493
1319,9448
1320,8647
1321,7792
1322,9248
1323,6861
1324,8778
1325,6452
1326,4934
1327,3595
1328,4959
1329,8997
1330,2182
1331,884
1332,9832
1333,8332
1334,1801
1335,2870
1336,3942
1337,3523
1338,7121
1339,4498
1340,8945
1341,328
1342,4103
1343,8829
1344,4439
1345,8686
1346,4289
1347,7754
1348,2066
1349,6608
1350,1700
1351,6120
1352,1132
1353,8917
1354,5950
1355,8926
1356,9102
1357,8313
1358,9517
1359,499
1360,5049
1361,7299
1362,2167
1363,2553
1364,1219
1365,9491
1366,2326
1367,3544
1368,7932
1369,5497
1370,5982
1371,4790
1372,2618
1373,2550
1374,6255
1375,7205
1376,6647
1377,1932
1378,9847
1379,2379
1380,4420
1381,4839
1382,9891
1383,135
1384,8803
1385,159
1386,2173
1387,6218
1388,9207
1389,1658
1390,7529
1391,498
1392,7078
1393,9807
1394,6919
1395,4524
1396,6065
1397,6692
1398,6655
1399,9926
1400,7570
1401,873
1402,1626
1403,7713
1404,613
1405,10
1406,690
1407,1821
1408,9624
1409,2287
1410,8691
1411,8325
1412,5838
1413,9029
1414,4439
1415,9310
1416,5840
1417,7765
1418,4017
1419,3930
1420,1730
1421,9214
1422,5861
1423,2600
1424,1908
1425,665
1426,5140
1427,6921
1428,5674
1429,4154
1430,913
1431,7125
1432,6799
1433,6166
1434,5878
1435,4816
1436,5591
1437,7226
1438,3901
1439,9989
1440,8504
1441,2366
1442,919
1443,5596
1444,1860
1445,8406
1446,2822
1447,8898
1448,7987
1449,5587
1450,1991
1451,9549
1452,355
1453,7869
1454,3428
1455,6279
1456,2863
1457,6509
1458,3733
1459,1634
1460,4070
1461,5499
1462,5392
1463,4017
1464,7559
1465,7720
1466,6055
1467,8072
1468,3175
1469,7078
1470,7219
1471,6535
1472,8881
1473,1973
1474,9363
1475,8000
1476,4366
1477,2052
1478,2456
1479,196
1480,6163
1481,6794
1482,1786
1483,430
1484,1223
1485,2998
1486,7517
1487,6178
1488,8226
1489,4727
1490,2548
1491,2528
1492,8596
1493,1733
1494,4172
1495,308
1496,7610
1497,6498
1498,3742
1499,8811
1500,6403
1501,88
1502,8915
1503,4088
1504,6930
1505,2604
1506,2934
1507,5612
1508,3919
1509,1247
1510,8788
1511,9140
1512,2637
1513,2878
1514,6156
1515,9591
1516,354
1517,8407
1518,3554
1519,7003
1520,3862
1521,663
1522,8449
1523,3117
1524,8259
1525,8795
1526,1266
1527,4062
1528,6524
1529,7618
1530,1952
1531,9290
1532,793
1533,6341
1534,1470
1535,9175
1536,1550
1537,7847
1538,737
1539,8495
1540,3919
1541,200
1542,342
1543,5112
1544,7642
1545,4556
1546,6809
1547,2732
1548,9748
1549,2183
1550,9203
1551,5216
1552,8761
1553,7352
1554,8219
1555,6843
1556,9074
1557,2747
1558,6480
1559,6375
1560,3289
1561,8117
1562,4562
1563,5899
1564,2482
1565,4251
1566,9288
1567,4580
1568,2870
1569,1371
1570,5907
1571,5507
1572,2339
1573,4235
1574,4179
1575,4134
1576,5724
1577,6296
1578,4574
1579,9265
1580,7664
1581,221
1582,2442
1583,2135
1584,4141
1585,3702
1586,3220
1587,1155
1588,9493
1589,8808
1590,3251
1591,8897
1592,7033
1593,3930
1594,9464
1595,2281
1596,9076
1597,7545
1598,6412
1599,3209
1600,1353
1601,1265
1602,2509
1603,943
1604,496
1605,6642
1606,6269
1607,6837
1608,2253
1609,9684
1610,9780
1611,2117
1612,8823
1613,8952
1614,1216
1615,3953
1616,6254
1617,2285
1618,4681
1619,3317
1620,6508
1621,5847
1622,2922
1623,3689
1624,4880
1625,2357
1626,5698
1627,8063
1628,8772
1629,4781
1630,1452
1631,8427
1632,4898
1633,3422
1634,7594
1635,359
1636,4757
1637,9710
1638,1689
1639,6106
1640,7268
1641,4177
1642,955
1643,854
1644,5171
1645,2620
1646,2169
1647,1693
1648,1844
1649,7132
1650,9610
1651,4029
1652,3406
1653,8262
1654,8319
1655,6502
1656,1992
1657,3477
1658,6289
1659,8478
1660,2195
1661,9476
1662,4172
1663,60
1664,1981
1665,3303
1666,9220
1667,6194
1668,7898
1669,8930
1670,3780
1671,4386
1672,618
1673,2749
1674,9083
1675,8239
1676,3820
1677,6725
1678,4485
1679,6901
1680,6530
1681,4457
1682,8094
1683,1602
1684,2124
1685,3059
1686,9168
1687,261
1688,7438
1689,735
1690,8003
1691,3512
1692,6455
1693,8826
1694,5510
1695,3990
1696,1541
1697,1264
1698,699
1699,6925
1700,7239
1701,3094
1702,2839
1703,9754
1704,8225
1705,3113
1706,8352
1707,6305
1708,8550
1709,5908
1710,3229
1711,3813
1712,5894
1713,9602
1714,1057
1715,5588
1716,849
1717,7512
1718,725
1719,2897
1720,2420
1721,4679
1722,7687
1723,706
1724,9558
1725,8210
1726,1063
1727,9265
1728,6493
1729,1508
1730,6553
1731,8385
1732,9379
1733,4937
1734,6462
1735,4390
1736,5771
1737,7711
1738,805
1739,9048
1740,7818
1741,286
1742,6994
1743,4991
1744,9645
1745,5199
1746,2448
1747,9767
1748,9656
1749,9106
1750,4552
1751,1080
1752,9948
1753,5915
1754,6802
1755,6407
1756,8517
1757,388
1758,9432
1759,9532
1760,1860
1761,606
1762,9402
1763,8677
1764,236
1765,1654
1766,5441
1767,5517
1768,6035
1769,9026
1770,565
1771,6065
1772,9548
1773,1216
1774,7946
1775,1373
1776,8841
1777,7311
1778,5481
1779,8194
1780,8915
1781,56
1782,2634
1783,5326
1784,5913
1785,3506
1786,2395
1787,9507
1788,2429
1789,9660
1790,1768
1791,6619
1792,5198
1793,8334
1794,6896
1795,5899
1796,5594
1797,4257
1798,9976
1799,6038
1800,617
1801,1040
1802,4042
1803,4351
1804,6506
1805,9018
1806,4651
1807,9401
1808,1368
1809,1228
1810,2792
1811,4380
1812,6780
1813,1365
1814,2069
1815,4628
1816,9025
1817,4306
1818,3848
1819,3451
1820,1620
1821,4541
1822,7872
1823,772
1824,8392
1825,4937
1826,3341
1827,8908
1828,1231
1829,9023
1830,5169
1831,5566
1832,4851
1833,8457
1834,2184
1835,578
1836,7246
1837,5963
1838,611
1839,471
1840,5169
1841,6841
1842,2684
1843,9126
1844,666
1845,9640
1846,8616
1847,6957
1848,3021
1849,3235
1850,3815
1851,1881
1852,9625
1853,2131
1854,9613
1855,8295
1856,2007
1857,4368
1858,7510
1859,3217
1860,906
1861,5920
1862,7474
1863,5488
1864,5812
1865,3601
1866,154
1867,229
1868,8008
1869,529
1870,2694
1871,4151
1872,9044
1873,654
1874,151
1875,3770
1876,1387
1877,8591
1878,2840
1879,576
1880,8654
1881,3281
1882,3432
1883,7258
1884,4732
1885,3982
1886,8037
1887,8289
1888,6085
1889,5324
1890,6423
1891,1204
1892,3199
1893,9738
1894,2974
1895,3073
1896,4866
1897,9524
1898,6984
1899,7767
1900,5956
1901,380
1902,7985
1903,339
1904,1717
1905,9470
1906,7086
1907,9539
1908,5630
1909,5553
1910,1214
1911,6885
1912,3200
1913,8426
1914,8100
1915,9961
1916,9235
1917,9018
1918,8210
1919,7826
1920,9830
1921,9433
1922,7375
1923,9892
1924,7720
1925,2710
1926,4396
1927,8593
1928,4941
1929,9232
1930,6496
1931,9952
1932,8843
1933,4246
1934,4185
1935,5084
1936,241
1937,9906
1938,752
1939,7497
1940,7497
1941,5826
1942,3804
1943,8323
1944,7278
1945,3427
1946,7799
1947,5499
1948,2373
1949,6290
1950,7166
1951,889
1952,1823
1953,5838
1954,135
1955,4192
1956,8866
1957,886
1958,5021
1959,6206
1960,246
1961,5317
1962,5541
1963,5060
1964,9654
1965,815
1966,3418
1967,1340
1968,5385
1969,1965
1970,1086
1971,2104
1972,4822
1973,6712
1974,9953
1975,5584
1976,3811
1977,446
1978,2999
1979,8261
1980,9406
1981,5994
1982,4957
1983,4813
1984,6194
1985,6889
1986,8625
1987,7561
1988,1216
1989,3261
1990,6680
1991,3795
1992,9960
1993,692
1994,3945
1995,3680
1996,3990
1997,6467
1998,6216
1999,3444
2000,2491
2001,4903
2002,5900
2003,24
2004,5035
2005,7279
2006,8158
2007,2800
2008,2399
2009,511
2010,6075
2011,7160
2012,9076
2013,5602
2014,8409
2015,8024
2016,5204
2017,9893
2018,1828
2019,9562
2020,4789
2021,8980
2022,4524
2023,7038
2024,186
2025,5091
2026,1417
2027,8060
2028,1884
2029,8211
2030,3614
2031,9923
2032,4337
2033,7157
2034,6107
2035,3778
2036,889
2037,1680
2038,9780
2039,8442
2040,8425
2041,8378
2042,2672
2043,2126
2044,4786
2045,792
2046,1120
2047,3576
2048,52
2049,1013
2050,6930
2051,345
2052,1085
2053,902
2054,147
2055,572
2056,8814
2057,5557
2058,5452
2059,308
2060,145
2061,9160
2062,3463
2063,7684
2064,3279
2065,4363
2066,4840
2067,9531
2068,9023
2069,8545
2070,4119
2071,3826
2072,2993
2073,3453
2074,6414
2075,980
2076,3910
2077,9099
2078,7416
2079,580
2080,5430
2081,5353
2082,6665
2083,1962
2084,263
2085,9217
2086,3032
2087,8284
2088,1535
2089,3029
2090,3578
2091,3685
2092,2893
2093,4984
2094,1603
2095,964
2096,5143
2097,2397
2098,1030
2099,7261
2100,2459
2101,3784
2102,707
2103,4690
2104,5642
2105,956
2106,9660
2107,1463
2108,7251
2109,3281
2110,3733
2111,3033
2112,1953
2113,942
2114,3316
2115,886
2116,1900
2117,1433
2118,3602
2119,4688
2120,4131
2121,8638
2122,6928
2123,4074
2124,529
2125,4125
2126,3192
2127,5338
2128,5734
2129,5853
2130,7443
2131,6267
2132,6333
2133,1465
2134,6982
2135,4006
2136,8018
2137,5632
2138,2927
2139,9912
2140,1866
2141,3928
2142,1185
2143,7154
2144,4538
2145,8721
2146,4978
2147,5490
2148,6072
2149,6706
2150,7477
2151,5970
2152,5766
2153,5176
2154,6489
2155,7723
2156,8377
2157,281
2158,6067
2159,2087
2160,4955
2161,2753
2162,4952
2163,9287
2164,2077
2165,8988
2166,2450
2167,2735
2168,7499
2169,2495
2170,2215
2171,2640
2172,1306
2173,4160
2174,3858
2175,5832
2176,5165
2177,2811
2178,4543
2179,7751
2180,5075
2181,1266
2182,7019
2183,2524
2184,9011
2185,5788
2186,7368
2187,1761
2188,2553
2189,5175
2190,1134
2191,3061
2192,7858
2193,8759
2194,573
2195,768
2196,3141
2197,5833
2198,5998
2199,8319
2200,5822
2201,8252
2202,6137
2203,5605
2204,1973
2205,3026
2206,6152
2207,535
2208,4439
2209,3444
2210,1023
2211,4047
2212,4988
2213,5359
2214,9230
2215,6603
2216,4004
2217,5894
2218,811
2219,3798
2220,4761
2221,9314
2222,112
2223,3201
2224,1592
2225,2220
2226,3650
2227,6044
2228,8293
2229,4367
2230,2308
2231,2661
2232,3737
2233,1236
2234,5103
2235,9395
2236,8368
2237,8344
2238,8839
2239,9835
2240,8879
2241,7080
2242,7199
2243,9517
2244,8385
2245,7783
2246,2997
2247,8396
2248,5827
2249,3203
2250,7096
2251,1216
2252,4538
2253,3363
2254,3751
2255,2332
2256,2189
2257,3412
2258,348
2259,2681
2260,7958
2261,5946
2262,3014
2263,808
2264,5904
2265,1352
2266,9990
2267,3889
2268,3464
2269,1427
2270,7230
2271,3217
2272,9857
2273,5611
2274,2704
2275,9423
2276,295
2277,3565
2278,5179
2279,7871
2280,9046
2281,594
2282,859
2283,6010
2284,8192
2285,9162
2286,5727
2287,2221
2288,7999
2289,1120
2290,8376
2291,5224
2292,9293
2293,5105
2294,9915
2295,5207
2296,9387
2297,1468
2298,7880
2299,5538
2300,6809
2301,1172
2302,4294
2303,1032
2304,5292
2305,313
2306,2953
2307,5366
2308,3700
2309,5130
2310,4301
2311,4136
2312,5018
2313,7989
2314,6816
2315,197
2316,4826
2317,2661
2318,4765
2319,797
2320,1898
2321,7069
2322,7056
2323,3562
2324,4560
2325,5841
2326,9266
2327,8097
2328,9438
2329,4609
2330,9971
2331,4193
2332,2825
2333,5287
2334,2340
2335,5763
2336,1550
2337,6505
2338,5847
2339,8558
2340,9290
2341,3151
2342,6486
2343,7361
2344,2459
2345,7883
2346,3980
2347,619
2348,4057
2349,1295
2350,1156
2351,632
2352,8510
2353,8309
2354,7728
2355,9339
2356,7935
2357,5362
2358,8527
2359,2793
2360,9226
2361,8146
2362,6516
2363,217
2364,6325
2365,9055
2366,9212
2367,7382
2368,2710
2369,9722
2370,9645
2371,6114
2372,846
2373,6035
2374,5783
2375,7173
2376,3892
2377,8957
2378,4975
2379,1446
2380,7240
2381,5851
2382,3199
2383,2644
2384,2207
2385,7246
2386,739
2387,5965
2388,9296
2389,5525
2390,2842
2391,9319
2392,8035
2393,7837
2394,138
2395,9437
2396,3834
2397,9986
2398,974
2399,7277
2400,2680
2401,8349
2402,3414
2403,6559
2404,7634
2405,2021
2406,5158
2407,4294
2408,2267
2409,2774
2410,5406
2411,2157
2412,2957
2413,8688
2414,5049
2415,3839
2416,9084
2417,7003
2418,7669
2419,7504
2420,8364
2421,9047
2422,5097
2423,2782
2424,8519
2425,8312
2426,5060
2427,9700
2428,3388
2429,4630
2430,2533
2431,106
2432,5579
2433,1951
2434,6971
2435,6227
2436,8402
2437,2932
2438,7202
2439,7364
2440,8737
2441,7248
2442,5960
2443,3382
2444,886
2445,1396
2446,1759
2447,1595
2448,8819
2449,6350
2450,2250
2451,7265
2452,6508
2453,2982
2454,7783
2455,7356
2456,8552
2457,9726
2458,597
2459,9620
2460,3178
2461,9674
2462,7373
2463,8001
2464,6386
2465,4764
2466,5715
2467,2844
2468,9796
2469,4478
2470,2956
2471,452
2472,9117
2473,993
2474,1064
2475,9013
2476,3766
2477,7302
2478,5227
2479,7236
2480,5494
2481,1666
2482,6363
2483,882
2484,7673
2485,4559
2486,6708
2487,7624
2488,5428
2489,8315
2490,1574
2491,2691
2492,6575
2493,8865
2494,7000
2495,7828
2496,8283
2497,2441
2498,5235
2499,2392
2500,5734
2501,2249
2502,3171
2503,3686
2504,3541
2505,7439
2506,2552
2507,1695
2508,1687
2509,6967
2510,862
2511,7432
2512,2486
2513,6137
2514,9179
2515,5270
2516,4590
2517,6522
2518,233
2519,6350
2520,7981
2521,7297
2522,4943
2523,4966
2524,9523
2525,6341
2526,5131
2527,4746
2528,2854
2529,1644
2530,8018
2531,2945
2532,7304
2533,2513
2534,7516
2535,1729
2536,8817
2537,2022
2538,8785
2539,5220
2540,5184
2541,8099
2542,9159
2543,5588
2544,9526
2545,5240
2546,9214
2547,9705
2548,7580
2549,5297
2550,7937
2551,6458
2552,8787
2553,3574
2554,2722
2555,3949
2556,8791
2557,3280
2558,9741
2559,4020
2560,846
2561,5259
2562,1009
2563,5379
2564,6878
2565,487
2566,5641
2567,5891
2568,5924
2569,9835
2570,9754
2571,6699
2572,3427
2573,4729
2574,3680
2575,5138
2576,6512
2577,6301
2578,2878
2579,138
2580,6369
2581,5738
2582,9900
2583,3641
2584,3833
2585,1080
2586,5248
2587,6303
2588,3339
2589,4812
2590,1569
2591,7111
2592,65
2593,5752
2594,1528
2595,6683
2596,2511
2597,1826
2598,8743
2599,2940
2600,5577
2601,2364
2602,6154
2603,7160
2604,5334
2605,8884
2606,8568
2607,4542
2608,3418
2609,3178
2610,2595
2611,2700
2612,8813
2613,2630
2614,2404
2615,1964
2616,7243
2617,9584
2618,8555
2619,2129
2620,7067
2621,2193
2622,5470
2623,9941
2624,5199
2625,9744
2626,2247
2627,340
2628,5876
2629,2854
2630,3708
2631,3851
2632,8143
2633,9707
2634,8008
2635,562
2636,1471
2637,2189
2638,8731
2639,7683
2640,9254
2641,2340
2642,3425
2643,5907
2644,2259
2645,4589
2646,5711
2647,1063
2648,6286
2649,7786
2650,489
2651,8668
2652,7566
2653,3228
2654,3947
2655,3378
2656,83
2657,4982
2658,691
2659,4375
2660,8503
2661,3104
2662,1178
2663,1735
2664,1805
2665,6559
2666,5438
2667,1718
2668,7298
2669,9450
2670,8565
2671,7912
2672,4598
2673,2339
2674,7065
2675,6087
2676,5717
2677,6287
2678,6741
2679,7147
2680,6031
2681,8995
2682,3375
2683,3206
2684,1070
2685,2373
2686,3900
2687,3932
2688,342
2689,3950
2690,6449
2691,7484
2692,7222
2693,9303
2694,1563
2695,888
2696,2824
2697,8639
2698,125
2699,727
2700,7049
2701,4563
2702,6807
2703,2176
2704,3862
2705,6134
2706,6795
2707,5601
2708,9585
2709,775
2710,8296
2711,7447
2712,2118
2713,8572
2714,5965
2715,9581
2716,985
2717,5724
2718,1921
2719,4022
2720,2041
2721,7156
2722,2437
2723,313
2724,5988
2725,2129
2726,2466
2727,4723
2728,406
2729,7740
2730,439
2731,7915
2732,1100
2733,9661
2734,7062
2735,1505
2736,7698
2737,8915
2738,9875
2739,8214
2740,1588
2741,2109
2742,8826
2743,6449
2744,9864
2745,8928
2746,6720
2747,3962
2748,8575
2749,6224
2750,7825
2751,5198
2752,7174
2753,1914
2754,1102
2755,3452
2756,9697
2757,6051
2758,1710
2759,1576
2760,5815
2761,1732
2762,3210
2763,1821
2764,9681
2765,1434
2766,59
2767,8395
2768,7076
2769,3842
2770,1499
2771,5036
2772,7989
2773,1013
2774,9396
2775,7030
2776,9183
2777,4887
2778,6424
2779,671
2780,9753
2781,475
2782,4535
2783,7838
2784,7175
2785,3587
2786,4402
2787,5270
2788,7827
2789,7236
2790,8750
2791,897
2792,4406
2793,8417
2794,2848
2795,7176
2796,7464
2797,4845
2798,9588
2799,9666
2800,2992
2801,5259
2802,8356
2803,6518
2804,6780
2805,9175
2806,9780
2807,6528
2808,7822
2809,3616
2810,5020
2811,281
2812,1035
2813,2423
2814,8087
2815,1898
2816,5892
2817,4247
2818,5068
2819,8868
2820,4965
2821,2270
2822,1751
2823,8223
2824,2261
2825,7457
2826,623
2827,7304
2828,7695
2829,9335
2830,5337
2831,8880
2832,6084
2833,2051
2834,240
2835,8811
2836,3302
2837,4402
2838,1062
2839,7569
2840,4642
2841,197
2842,4357
2843,8224
2844,355
2845,9269
2846,6578
2847,1836
2848,1604
2849,5280
2850,9920
2851,9386
2852,7330
2853,1500
2854,8166
2855,8680
2856,5632
2857,9651
2858,716
2859,3080
2860,2779
2861,911
2862,1906
2863,700
2864,1922
2865,9095
2866,8680
2867,4999
2868,3286
2869,2653
2870,8738
2871,2461
2872,3735
2873,3561
2874,1470
2875,8253
2876,5782
2877,9220
2878,7133
2879,4372
2880,2207
2881,4685
2882,9466
2883,4066
2884,1140
2885,9766
2886,4340
2887,932
2888,357
2889,7076
2890,4626
2891,7777
2892,6913
2893,7152
2894,1113
2895,3036
2896,3520
2897,558
2898,7036
2899,6792
2900,5813
2901,5816
2902,8383
2903,2429
2904,2932
2905,3703
2906,3760
2907,973
2908,5989
2909,1098
2910,7315
2911,5274
2912,3566
2913,3590
2914,4223
2915,2540
2916,8536
2917,6250
2918,1757
2919,7826
2920,31
2921,7736
2922,5115
2923,4301
2924,4771
2925,3417
2926,2176
2927,6235
2928,574
2929,6268
2930,7489
2931,8771
2932,399
2933,2160
2934,3795
2935,8081
2936,1624
2937,4851
2938,7146
2939,3292
2940,8455
2941,5472
2942,1612
2943,4077
2944,3973
2945,8056
2946,9420
2947,1900
2948,2913
2949,8135
2950,5874
2951,9745
2952,7098
2953,6559
2954,9071
2955,6912
2956,391
2957,6542
2958,2319
2959,6976
2960,2085
2961,994
2962,4792
2963,6368
2964,7046
2965,1563
2966,3303
2967,9802
2968,4447
2969,7845
2970,9756
2971,6919
2972,4332
2973,8335
2974,1747
2975,5339
2976,2508
2977,9195
2978,8813
2979,4255
2980,402
2981,9201
2982,1591
2983,6075
2984,7442
2985,4341
2986,1552
2987,4655
2988,2278
2989,1388
2990,6658
2991,6234
2992,457
2993,7847
2994,9548
2995,2130
2996,9177
2997,6413
2998,8061
2999,3818
3000,8346
3001,462
3002,6161
3003,1014
3004,6727
3005,9843
3006,1377
3007,4094
3008,650
3009,7444
3010,1373
3011,4811
3012,649
3013,5696
3014,696
3015,1120
3016,1200
3017,743
3018,9580
3019,5026
3020,5808
3021,5045
3022,1488
3023,8806
3024,7711
3025,5859
3026,5356
3027,2804
3028,5820
3029,8622
3030,4095
3031,5363
3032,9880
3033,3813
3034,4069
3035,3567
3036,5092
3037,5015
3038,8787
3039,5289
3040,4945
3041,9631
3042,79
3043,7884
3044,4141
3045,3772
3046,2418
3047,3960
3048,2642
3049,1385
3050,4254
3051,6533
3052,3320
3053,2257
3054,2704
3055,9064
3056,1213
3057,5181
3058,6326
3059,3458
3060,2595
3061,634
3062,7303
3063,3540
3064,6566
3065,1846
3066,5093
3067,3602
3068,4747
3069,8381
3070,7305
3071,5514
3072,1367
3073,1124
3074,1155
3075,3784
3076,1964
3077,8579
3078,7596
3079,9112
3080,7511
3081,161
3082,9847
3083,2747
3084,7507
3085,7090
3086,8853
3087,1798
3088,3150
3089,255
3090,3988
3091,5043
3092,3510
3093,8504
3094,9937
3095,4820
3096,5047
3097,4328
3098,5726
3099,4353
3100,4711
3101,779
3102,477
3103,173
3104,7231
3105,695
3106,3380
3107,1261
3108,5172
3109,7409
3110,4985
3111,1874
3112,4041
3113,1820
3114,3164
3115,494
3116,3190
3117,2223
3118,9769
3119,423
3120,7213
3121,472
3122,9167
3123,3726
3124,7786
3125,2833
3126,8719
3127,145
3128,3670
3129,2268
3130,1028
3131,262
3132,2247
3133,5249
3134,9449
3135,1388
3136,8478
3137,8834
3138,4276
3139,3193
3140,6528
3141,130
3142,8910
3143,4583
3144,5766
3145,4243
3146,8894
3147,6316
3148,6620
3149,8686
3150,8661
3151,8738
3152,7627
3153,4571
3154,1451
3155,2949
3156,7853
3157,9221
3158,6455
3159,2181
3160,3413
3161,8617
3162,421
3163,8474
3164,847
3165,5197
3166,2372
3167,3586
3168,5221
3169,6503
3170,670
3171,6692
3172,9723
3173,7779
3174,8235
3175,1064
3176,564
3177,2149
3178,9100
3179,6730
3180,8945
3181,6384
3182,8918
3183,4450
3184,9697
3185,728
3186,3566
3187,3184
3188,4985
3189,6231
3190,4909
3191,8486
3192,375
3193,9332
3194,4371
3195,3125
3196,8780
3197,8534
3198,8743
3199,2661
3200,3767
3201,1441
3202,3456
3203,7872
3204,2699
3205,863
3206,6596
3207,4633
3208,244
3209,2474
3210,1621
3211,652
3212,9620
3213,7047
3214,7781
3215,2871
3216,3574
3217,9279
3218,7679
3219,1767
3220,6633
3221,3670
3222,1040
3223,2083
3224,5537
3225,8292
3226,7780
3227,8088
3228,8393
3229,6023
3230,7090
3231,9541
3232,4065
3233,7260
3234,4258
3235,6621
3236,5831
3237,6329
3238,9279
3239,3750
3240,6181
3241,1741
3242,2964
3243,9828
3244,5645
3245,1241
3246,423
3247,6873
3248,9605
3249,8096
3250,997
3251,7542
3252,1805
3253,3838
3254,7450
3255,5754
3256,8388
3257,1497
3258,5492
3259,608
3260,4534
3261,9657
3262,8585
3263,5489
3264,2127
3265,9369
3266,2738
3267,7043
3268,5106
3269,7255
3270,3987
3271,8017
3272,6288
3273,454
3274,8213
3275,4174
3276,1973
3277,4699
3278,4256
3279,407
3280,9266
3281,1384
3282,5319
3283,8430
3284,2968
3285,3587
3286,4811
3287,1328
3288,2793
3289,7463
3290,6095
3291,6536
3292,7420
3293,7735
3294,1684
3295,9220
3296,8008
3297,9217
3298,1366
3299,558
3300,971
3301,308
3302,4568
3303,597
3304,4404
3305,5095
3306,2889
3307,8809
3308,7822
3309,5528
3310,280
3311,7451
3312,5602
3313,3892
3314,3710
3315,5667
3316,949
3317,376
3318,7217
3319,8390
3320,3247
3321,6451
3322,2509
3323,2938
3324,3801
3325,1333
3326,6472
3327,669
3328,2855
3329,5248
3330,77
3331,7442
3332,8822
3333,8628
3334,2664
3335,626
3336,6924
3337,3640
3338,4215
3339,8506
3340,7175
3341,3095
3342,665
3343,9917
3344,6187
3345,6727
3346,6529
3347,8379
3348,6981
3349,4455
3350,7253
3351,5522
3352,9254
3353,392
3354,1283
3355,7742
3356,6871
3357,2655
3358,7055
3359,2628
3360,8902
3361,8337
3362,8320
3363,8254
3364,2817
3365,4378
3366,6767
3367,7886
3368,4679
3369,5691
3370,7483
3371,6514
3372,9036
3373,6170
3374,4692
3375,3935
3376,5880
3377,8884
3378,8925
3379,8702
3380,3696
3381,4338
3382,329
3383,1188
3384,4314
3385,6387
3386,2629
3387,4325
3388,9633
3389,4135
3390,8039
3391,258
3392,2611
3393,7923
3394,1811
3395,3599
3396,2492
3397,1851
3398,6298
3399,931
3400,2828
3401,1117
3402,1554
3403,7675
3404,8999
3405,7673
3406,410
3407,949
3408,4448
3409,841
3410,8672
3411,7739
3412,3406
3413,5829
3414,9757
3415,7174
3416,1811
3417,5552
3418,5218
3419,6263
3420,6375
3421,4753
3422,1354
3423,3756
3424,7232
3425,9192
3426,5727
3427,7003
3428,7068
3429,7141
3430,9619
3431,4367
3432,3058
3433,2472
3434,866
3435,5413
3436,5762
3437,6169
3438,1103
3439,9716
3440,5209
3441,9436
3442,2902
3443,2381
3444,1878
3445,8708
3446,3348
3447,7820
3448,3820
3449,5874
3450,8642
3451,2647
3452,3332
3453,4900
3454,2814
3455,2266
3456,6553
3457,6976
3458,8015
3459,5749
3460,559
3461,8720
3462,1233
3463,400
3464,6032
3465,4077
3466,2551
3467,3498
3468,6492
3469,7269
3470,8359
3471,9655
3472,4469
3473,6982
3474,9776
3475,5538
3476,7897
3477,5582
3478,1330
3479,9703
3480,898
3481,2282
3482,9113
3483,7700
3484,2887
3485,1489
3486,134
3487,1068
3488,395
3489,3005
3490,4565
3491,3183
3492,7546
3493,6591
3494,8878
3495,8377
3496,4446
3497,4326
3498,9123
3499,6297
3500,1727
3501,6477
3502,7592
3503,3956
3504,1167
3505,5124
3506,2203
3507,9891
3508,435
3509,6203
3510,924
3511,4759
3512,5653
3513,277
3514,7195
3515,5198
3516,9582
3517,165
3518,8727
3519,5174
3520,6424
3521,839
3522,9565
3523,7318
3524,1595
3525,6940
3526,6655
3527,2020
3528,9265
3529,287
3530,189
3531,9127
3532,9760
3533,6693
3534,5706
3535,2877
3536,6628
3537,666
3538,2346
3539,4678
3540,8462
3541,6733
3542,2723
3543,9344
3544,7687
3545,4812
3546,9549
3547,9759
3548,4200
3549,573
3550,6403
3551,8833
3552,9723
3553,6751
3554,2400
3555,5309
3556,2792
3557,7426
3558,6441
3559,9461
3560,9113
3561,2058
3562,8247
3563,1296
3564,9916
3565,9639
3566,6438
3567,4268
3568,6420
3569,8015
3570,550
3571,4763
3572,2615
3573,4405
3574,6361
3575,4492
3576,2046
3577,4186
3578,145
3579,1960
3580,1751
3581,7668
3582,2480
3583,7633
3584,3947
3585,3894
3586,681
3587,3684
3588,1310
3589,1775
3590,1582
3591,614
3592,9487
3593,1869
3594,718
3595,4133
3596,6799
3597,2401
3598,5683
3599,1869
3600,820
3601,6383
3602,3662
3603,2609
3604,8787
3605,9407
3606,8018
3607,2812
3608,5772
3609,9909
3610,6522
3611,8397
3612,9259
3613,2808
3614,5341
3615,8686
3616,1155
3617,816
3618,249
3619,9429
3620,4881
3621,1629
3622,7383
3623,1428
3624,11
3625,780
3626,4607
3627,8991
3628,4998
3629,9690
3630,4169
3631,7515
3632,6279
3633,1921
3634,3662
3635,5016
3636,2059
3637,8352
3638,8217
3639,395
3640,5998
3641,7313
3642,1547
3643,7061
3644,2545
3645,4503
3646,1866
3647,6115
3648,4135
3649,3458
3650,5383
3651,2309
3652,9146
3653,3654
3654,122
3655,3770
3656,7906
3657,5880
3658,2085
3659,6692
3660,5620
3661,7004
3662,7209
3663,1834
3664,4102
3665,869
3666,8641
3667,4839
3668,8441
3669,5222
3670,3262
3671,3412
3672,3759
3673,3966
3674,6163
3675,5686
3676,4202
3677,25
3678,8064
3679,8304
3680,2303
3681,7008
3682,7926
3683,1482
3684,8462
3685,4523
3686,1638
3687,3593
3688,1777
3689,6982
3690,6637
3691,2330
3692,1880
3693,7203
3694,8488
3695,3546
3696,2643
3697,3530
3698,4466
3699,5992
3700,5350
3701,5691
3702,4126
3703,9288
3704,2447
3705,509
3706,3627
3707,4215
3708,7900
3709,9765
3710,8782
3711,262
3712,5603
3713,275
3714,2860
3715,3292
3716,4253
3717,3770
3718,1198
3719,6982
3720,6047
3721,6068
3722,3106
3723,1730
3724,75
3725,6428
3726,5556
3727,9391
3728,5404
3729,6724
3730,5621
3731,9643
3732,4217
3733,6596
3734,4520
3735,5788
3736,1230
3737,7165
3738,3655
3739,7734
3740,5672
3741,4634
3742,480
3743,1740
3744,9744
3745,8702
3746,882
3747,2803
3748,3692
3749,8774
3750,7198
3751,4815
3752,6936
3753,6529
3754,75
3755,1115
3756,6503
3757,2503
3758,9618
3759,3403
3760,7769
3761,6452
3762,8090
3763,1620
3764,6720
3765,2704
3766,8075
3767,3522
3768,5060
3769,9135
3770,593
3771,4896
3772,4801
3773,2275
3774,4114
3775,8427
3776,4979
3777,7799
3778,2186
3779,7151
3780,5464
3781,8543
3782,5263
3783,3456
3784,4553
3785,651
3786,5089
3787,8232
3788,9417
3789,4828
3790,8147
3791,4900
3792,4329
3793,2617
3794,4748
3795,4312
3796,5473
3797,2442
3798,4242
3799,6345
3800,7241
3801,8109
3802,2761
3803,6285
3804,649
3805,1520
3806,9550
3807,3371
3808,5194
3809,838
3810,8568
3811,5005
3812,658
3813,6808
3814,1783
3815,5308
3816,2118
3817,171
3818,5643
3819,3956
3820,5806
3821,8506
3822,7120
3823,3946
3824,8525
3825,1371
3826,536
3827,5488
3828,312
3829,7268
3830,428
3831,2761
3832,4605
3833,3432
3834,7027
3835,4740
3836,2703
3837,720
3838,638
3839,8147
3840,6396
3841,8871
3842,1827
3843,6226
3844,4717
3845,7146
3846,818
3847,3754
3848,5467
3849,6870
3850,9632
3851,9434
3852,7978
3853,9830
3854,3329
3855,9495
3856,8379
3857,1458
3858,5515
3859,6630
3860,2939
3861,3858
3862,8473
3863,7952
3864,1184
3865,6866
3866,6476
3867,3575
3868,4189
3869,26
3870,4619
3871,534
3872,4261
3873,1398
3874,2946
3875,4140
3876,7354
3877,7123
3878,5005
3879,1645
3880,4871
3881,884
3882,7819
3883,2877
3884,4169
3885,8992
3886,3421
3887,2066
3888,691
3889,6542
3890,9025
3891,163
3892,9293
3893,8246
3894,4868
3895,45
3896,6254
3897,5569
3898,1587
3899,4208
3900,2654
3901,9795
3902,3276
3903,1190
3904,2865
3905,9462
3906,6180
3907,8697
3908,9286
3909,382
3910,3610
3911,6655
3912,293
3913,70
3914,8647
3915,6811
3916,2880
3917,875
3918,6485
3919,6790
3920,3128
3921,2608
3922,3639
3923,1501
3924,7405
3925,8848
3926,8920
3927,5480
3928,4099
3929,3143
3930,8307
3931,9763
3932,4191
3933,6367
3934,4054
3935,4792
3936,4224
3937,2411
3938,4358
3939,5926
3940,9477
3941,4515
3942,8197
3943,3587
3944,3102
3945,8800
3946,360
3947,1727
3948,3582
3949,4517
3950,2765
3951,5277
3952,3599
3953,2668
3954,538
3955,9970
3956,3591
3957,6356
3958,4289
3959,4220
3960,3478
3961,4282
3962,6153
3963,685
3964,541
3965,2521
3966,8144
3967,7153
3968,4938
3969,6006
3970,6647
3971,5834
3972,3244
3973,4696
3974,4592
3975,4330
3976,7919
3977,2502
3978,9505
3979,5843
3980,2319
3981,6386
3982,1003
3983,1184
3984,4264
3985,1235
3986,8088
3987,3411
3988,7436
3989,5039
3990,660
3991,4406
3992,5524
3993,71
3994,8117
3995,7069
3996,7068
3997,6941
3998,6007
3999,9971
4000,7962
4001,3172
4002,7087
4003,6416
4004,4739
4005,1575
4006,1326
4007,2640
4008,5525
4009,5986
4010,9314
4011,7036
4012,6259
4013,2017
4014,6168
4015,851
4016,7107
4017,9963
4018,3295
4019,1847
4020,3756
4021,7827
4022,6286
4023,2833
4024,2181
4025,3607
4026,1571
4027,5684
4028,5295
4029,8287
4030,7201
4031,2732
4032,6200
4033,7934
4034,9229
4035,3019
4036,613
4037,8252
4038,3252
4039,4096
4040,2152
4041,1958
4042,4485
4043,9126
4044,215
4045,81
4046,6094
4047,4678
4048,3517
4049,892
4050,5109
4051,2426
4052,2088
4053,1104
4054,2563
4055,9658
4056,6850
4057,4398
4058,2142
4059,1196
4060,3168
4061,2633
4062,9864
4063,6829
4064,3549
4065,6433
4066,8865
4067,8032
4068,2837
4069,9884
4070,1056
4071,8168
4072,3978
4073,3341
4074,1193
4075,2485
4076,4007
4077,3102
4078,9997
4079,2414
4080,8984
4081,4253
4082,1070
4083,9406
4084,6098
4085,1293
4086,5825
4087,8656
4088,4568
4089,2938
4090,9289
4091,7696
4092,7104
4093,9123
4094,9433
4095,9176
4096,3617
4097,2067
4098,9076
4099,9651
4100,1926
4101,7136
4102,7023
4103,6025
4104,3669
4105,7271
4106,9212
4107,6419
4108,5449
4109,9294
4110,3005
4111,858
4112,799
4113,6018
4114,7592
4115,2647
4116,7646
4117,9387
4118,6115
4119,5769
4120,2560
4121,7494
4122,3293
4123,8952
4124,7820
4125,8782
4126,4624
4127,9795
4128,3409
4129,2081
4130,9979
4131,3611
4132,4632
4133,1734
4134,1443
4135,3719
4136,6954
4137,8390
4138,3510
4139,4927
4140,8065
4141,1011
4142,6155
4143,3343
4144,876
4145,5063
4146,4906
4147,3454
4148,7024
4149,205
4150,7483
4151,5335
4152,6877
4153,3998
4154,1725
4155,2763
4156,8281
4157,836
4158,6262
4159,2670
4160,283
4161,8429
4162,8126
4163,7951
4164,6043
4165,8999
4166,6989
4167,472
4168,9731
4169,7143
4170,6377
4171,3892
4172,8486
4173,134
4174,9172
4175,708
4176,3273
4177,5171
4178,586
4179,2210
4180,7188
4181,2925
4182,7407
4183,2399
4184,2353
4185,4123
4186,8258
4187,6259
4188,1522
4189,8396
4190,2023
4191,1163
4192,6284
4193,7929
4194,6007
4195,3450
4196,617
4197,8681
4198,6707
4199,3614
4200,7882
4201,3239
4202,2767
4203,3879
4204,3230
4205,8686
4206,5548
4207,4894
4208,7823
4209,9412
4210,8289
4211,3854
4212,3491
4213,4614
4214,2020
4215,9338
4216,168
4217,601
4218,5168
4219,1458
4220,8656
4221,2926
4222,7474
4223,8860
4224,1319
4225,6714
4226,2299
4227,8914
4228,711
4229,2297
4230,5238
4231,5877
4232,7406
4233,3122
4234,6559
4235,7596
4236,1408
4237,6461
4238,5995
4239,161
4240,4672
4241,3467
4242,9576
4243,5834
4244,6136
4245,123
4246,1555
4247,7297
4248,6641
4249,5025
4250,2840
4251,4902
4252,3593
4253,5407
4254,5447
4255,3471
4256,671
4257,835
4258,305
4259,2982
4260,9849
4261,7577
4262,5313
4263,602
4264,4358
4265,9727
4266,8609
4267,4449
4268,1079
4269,4095
4270,195
4271,2131
4272,6772
4273,5693
4274,4424
4275,8167
4276,640
4277,6321
4278,1816
4279,5002
4280,6869
4281,4067
4282,3759
4283,8486
4284,9560
4285,7144
4286,9291
4287,4326
4288,171
4289,96
4290,2483
4291,7782
4292,2444
4293,5736
4294,1272
4295,9797
4296,4055
4297,9125
4298,9016
4299,2529
4300,2175
4301,6571
4302,2275
4303,5410
4304,3184
4305,2122
4306,2243
4307,9962
4308,1909
4309,2085
4310,548
4311,9764
4312,4559
4313,4474
4314,5775
4315,122
4316,2382
4317,143
4318,1045
4319,7475
4320,7092
4321,6515
4322,5070
4323,2191
4324,6418
4325,6981
4326,5899
4327,7339
4328,5732
4329,4791
4330,7786
4331,3042
4332,4407
4333,131
4334,5104
4335,3768
4336,871
4337,8184
4338,978
4339,124
4340,1297
4341,9731
4342,7590
4343,42
4344,4022
4345,2171
4346,6424
4347,6365
4348,3646
4349,9725
4350,4536
4351,3004
4352,3575
4353,2647
4354,1485
4355,5413
4356,5684
4357,1412
4358,1999
4359,9114
4360,3781
4361,3354
4362,5384
4363,9178
4364,8789
4365,7340
4366,1357
4367,7068
4368,9366
4369,5839
4370,2705
4371,2968
4372,1666
4373,5805
4374,3027
4375,8082
4376,1299
4377,7473
4378,7068
4379,3583
4380,1039
4381,1110
4382,4124
4383,5379
4384,6424
4385,6036
4386,9529
4387,5348
4388,7051
4389,8465
4390,9809
4391,1159
4392,3117
4393,6745
4394,5696
4395,8631
4396,8147
4397,5679
4398,1956
4399,7331
4400,5396
4401,143
4402,3691
4403,4983
4404,6732
4405,2293
4406,3138
4407,4557
4408,8340
4409,758
4410,2660
4411,9504
4412,5080
4413,934
4414,1823
4415,4354
4416,9657
4417,1830
4418,2945
4419,9146
4420,7409
4421,9337
4422,4061
4423,7677
4424,7061
4425,895
4426,2309
4427,8075
4428,5896
4429,8242
4430,4781
4431,6151
4432,1459
4433,9273
4434,7162
4435,2128
4436,8338
4437,3821
4438,7013
4439,7976
4440,1027
4441,9679
4442,5927
4443,8718
4444,8531
4445,3033
4446,1016
4447,3343
4448,3106
4449,305
4450,5687
4451,3894
4452,3913
4453,8633
4454,8626
4455,6730
4456,9148
4457,6800
4458,2707
4459,3846
4460,13
4461,3599
4462,8363
4463,8728
4464,930
4465,2546
4466,8991
4467,1479
4468,405
4469,2332
4470,8923
4471,4366
4472,3762
4473,5912
4474,5449
4475,2258
4476,1537
4477,4192
4478,6761
4479,5827
4480,9730
4481,696
4482,8987
4483,1019
4484,7509
4485,620
4486,5153
4487,5102
4488,4919
4489,6385
4490,5027
4491,6307
4492,7905
4493,4828
4494,1965
4495,9586
4496,186
4497,1733
4498,6947
4499,1206
4500,3418
4501,2017
4502,155
4503,4025
4504,7688
4505,1162
4506,3485
4507,5585
4508,3520
4509,4851
4510,4682
4511,7621
4512,7621
4513,9148
4514,9391
4515,8347
4516,3448
4517,7584
4518,6169
4519,1369
4520,506
4521,1209
4522,4930
4523,7363
4524,3357
4525,4838
4526,6789
4527,3031
4528,9941
4529,6467
4530,6145
4531,7587
4532,3627
4533,4042
4534,8089
4535,231
4536,4795
4537,4397
4538,7769
4539,8086
4540,5768
4541,1794
4542,9719
4543,1965
4544,3508
4545,7316
4546,6358
4547,3523
4548,6900
4549,1011
4550,2884
4551,6333
4552,6965
4553,6121
4554,8612
4555,2322
4556,1114
4557,8385
4558,2618
4559,737
4560,9539
4561,3476
4562,8238
4563,8906
4564,7624
4565,5080
4566,4931
4567,7791
4568,2208
4569,345
4570,7393
4571,7106
4572,9482
4573,5654
4574,7139
4575,5953
4576,3570
4577,4428
4578,3332
4579,7556
4580,9457
4581,7763
4582,4447
4583,6807
4584,4662
4585,4538
4586,7272
4587,1079
4588,1822
4589,5329
4590,7336
4591,4707
4592,8502
4593,3718
4594,8341
4595,5247
4596,4068
4597,2541
4598,2573
4599,4167
4600,4066
4601,6747
4602,495
4603,7034
4604,6523
4605,3693
4606,2229
4607,1179
4608,1390
4609,2708
4610,7680
4611,9867
4612,6218
4613,3603
4614,4787
4615,9893
4616,6411
4617,4397
4618,130
4619,4651
4620,2455
4621,1969
4622,7062
4623,4616
4624,4931
4625,6860
4626,9080
4627,1003
4628,2437
4629,1596
4630,2713
4631,8493
4632,7987
4633,7096
4634,1818
4635,943
4636,5877
4637,5214
4638,5034
4639,590
4640,5018
4641,7393
4642,516
4643,5639
4644,4661
4645,9156
4646,3484
4647,4317
4648,4487
4649,2765
4650,4702
4651,8382
4652,5542
4653,9100
4654,1472
4655,584
4656,2109
4657,2156
4658,6287
4659,5294
4660,5554
4661,7718
4662,2744
4663,4800
4664,448
4665,4347
4666,289
4667,8904
4668,9321
4669,379
4670,6888
4671,8836
4672,7601
4673,399
4674,8343
4675,6376
4676,1741
4677,2040
4678,9409
4679,9331
4680,271
4681,6287
4682,1465
4683,8181
4684,3520
4685,5798
4686,9593
4687,533
4688,6714
4689,7735
4690,8885
4691,5230
4692,3102
4693,138
4694,2083
4695,7732
4696,7714
4697,4106
4698,7084
4699,8439
4700,1649
4701,6819
4702,7415
4703,9034
4704,8460
4705,4836
4706,1526
4707,853
4708,6943
4709,2522
4710,5750
4711,3247
4712,1357
4713,7478
4714,5928
4715,1816
4716,9707
4717,9929
4718,5427
4719,1652
4720,3335
4721,9869
4722,5205
4723,2600
4724,2630
4725,5414
4726,1337
4727,3419
4728,4805
4729,9126
4730,9558
4731,1079
4732,8040
4733,9258
4734,7558
4735,8196
4736,7284
4737,6327
4738,5966
4739,8575
4740,8604
4741,7782
4742,2857
4743,2336
4744,6
4745,2870
4746,5055
4747,2904
4748,2458
4749,3399
4750,2202
4751,3996
4752,7495
4753,2262
4754,1390
4755,7937
4756,8298
4757,8980
4758,6383
4759,6461
4760,6949
4761,8917
4762,8258
4763,7146
4764,7711
4765,4590
4766,7824
4767,2055
4768,3241
4769,6194
4770,577
4771,4495
4772,9995
4773,2302
4774,7212
4775,3565
4776,2542
4777,6395
4778,7247
4779,1013
4780,5694
4781,3702
4782,2558
4783,4681
4784,9712
4785,9321
4786,8024
4787,5420
4788,2509
4789,9852
4790,1057
4791,6446
4792,1199
4793,1216
4794,4
4795,493
4796,1230
4797,1431
4798,2148
4799,8985
4800,4122
4801,1008
4802,3415
4803,7058
4804,5534
4805,4564
4806,5824
4807,3281
4808,2597
4809,6714
4810,1314
4811,5806
4812,1889
4813,6927
4814,7385
4815,5465
4816,8228
4817,1665
4818,169
4819,917
4820,2429
4821,6681
4822,9826
4823,3459
4824,3307
4825,1117
4826,2626
4827,7462
4828,8418
4829,389
4830,5359
4831,4826
4832,5085
4833,2513
4834,7412
4835,858
4836,719
4837,4721
4838,2612
4839,400
4840,5174
4841,391
4842,2424
4843,4132
4844,1748
4845,3826
4846,4203
4847,9368
4848,8105
4849,8177
4850,3144
4851,1268
4852,2145
4853,4680
4854,494
4855,3867
4856,2581
4857,2866
4858,3991
4859,9699
4860,7539
4861,1761
4862,57
4863,3205
4864,9302
4865,5990
4866,2796
4867,4426
4868,1553
4869,1322
4870,4921
4871,3802
4872,6174
4873,4878
4874,8930
4875,2224
4876,4937
4877,2283
4878,4878
4879,8746
4880,1975
4881,4905
4882,8572
4883,1646
4884,3420
4885,7210
4886,6548
4887,1603
4888,498
4889,6478
4890,7812
4891,127
4892,4815
4893,7690
4894,7681
4895,6047
4896,2952
4897,3430
4898,7819
4899,8981
4900,3270
4901,8503
4902,8756
4903,3711
4904,2258
4905,7089
4906,3254
4907,5975
4908,8051
4909,3734
4910,797
4911,4025
4912,1884
4913,5951
4914,1094
4915,699
4916,3483
4917,7077
4918,5425
4919,6669
4920,7363
4921,7238
4922,7544
4923,9758
4924,7358
4925,6081
4926,643
4927,3336
4928,4253
4929,2135
4930,8489
4931,1774
4932,6801
4933,3277
4934,5368
4935,1690
4936,86
4937,3659
4938,3252
4939,6295
4940,3194
4941,4965
4942,5063
4943,6135
4944,3813
4945,464
4946,4091
4947,9775
4948,4546
4949,4997
4950,2972
4951,1874
4952,243
4953,5701
4954,2530
4955,9271
4956,6384
4957,8047
4958,7457
4959,1841
4960,3704
4961,9821
4962,5755
4963,1012
4964,1346
4965,3956
4966,2814
4967,3233
4968,7007
4969,2303
4970,6204
4971,6569
4972,9629
4973,5770
4974,1348
4975,610
4976,8962
4977,7462
4978,9398
4979,5794
4980,4717
4981,6097
4982,5391
4983,6130
4984,181
4985,1873
4986,6339
4987,4943
4988,4479
4989,958
4990,8383
4991,7861
4992,4530
4993,856
4994,8056
4995,5206
4996,7018
4997,7467
4998,9533
4999,9202
5000,8400
5001,3608
5002,2795
5003,8381
5004,676
5005,6570
5006,4203
5007,3144
5008,5157
5009,3300
5010,1832
5011,2741
5012,6891
5013,6909
5014,9271
5015,4144
5016,9946
5017,2116
5018,1521
5019,4228
5020,3928
5021,4579
5022,9349
5023,3014
5024,7425
5025,6974
5026,278
5027,2369
5028,5002
5029,8361
5030,2270
5031,2328
5032,6743
5033,601
5034,7654
5035,8314
5036,8120
5037,8482
5038,733
5039,6340
5040,1737
5041,4819
5042,6774
5043,7592
5044,1761
5045,8724
5046,7001
5047,6725
5048,437
5049,4301
5050,9844
5051,1014
5052,4774
5053,4250
5054,5330
5055,8290
5056,471
5057,2296
5058,8911
5059,901
5060,3577
5061,5177
5062,1592
5063,2686
5064,4946
5065,6765
5066,8513
5067,2349
5068,1300
5069,8578
5070,8123
5071,8536
5072,1033
5073,6977
5074,5989
5075,2451
5076,7546
5077,6656
5078,5370
5079,4621
5080,8169
5081,9089
5082,1273
5083,8681
5084,2214
5085,296
5086,1441
5087,3363
5088,9976
5089,9749
5090,5960
5091,7864
5092,8445
5093,2431
5094,2864
5095,2176
5096,6958
5097,745
5098,1223
5099,5834
5100,5112
5101,4116
5102,5905
5103,6063
5104,5081
5105,6664
5106,6531
5107,7798
5108,7181
5109,6036
5110,5344
5111,6762
5112,2483
5113,2176
5114,7829
5115,4103
5116,4143
5117,6999
5118,9464
5119,7726
5120,9917
5121,796
5122,4820
5123,8691
5124,8083
5125,5647
5126,8112
5127,2153
5128,7322
5129,2376
5130,7772
5131,2478
5132,3813
5133,5458
5134,1149
5135,9067
5136,9218
5137,9631
5138,5984
5139,2785
5140,6882
5141,6716
5142,4987
5143,4421
5144,3618
5145,165
5146,7862
5147,5857
5148,1328
5149,4305
5150,7962
5151,6437
5152,7527
5153,748
5154,7000
5155,4147
5156,7985
5157,8687
5158,2451
5159,5276
5160,2430
5161,3375
5162,6247
5163,1995
5164,1817
5165,5266
5166,2355
5167,7685
5168,8536
5169,7359
5170,8618
5171,2530
5172,8094
5173,2554
5174,997
5175,3104
5176,6531
5177,5480
5178,4240
5179,7997
5180,4741
5181,606
5182,7143
5183,1319
5184,3516
5185,438
5186,9430
5187,5244
5188,6632
5189,4779
5190,4033
5191,4920
5192,7076
5193,5735
5194,7238
5195,5315
5196,4550
5197,1973
5198,6092
5199,557
5200,4731
5201,3331
5202,9630
5203,1782
5204,9875
5205,4233
5206,278
5207,4228
5208,5475
5209,1809
5210,6531
5211,7550
5212,4832
5213,8949
5214,4582
5215,6107
5216,2367
5217,8065
5218,945
5219,1711
5220,6208
5221,7282
5222,5129
5223,114
5224,7648
5225,3854
5226,2235
5227,5138
5228,2458
5229,3341
5230,7950
5231,2816
5232,4612
5233,5645
5234,3593
5235,3400
5236,1004
5237,9894
5238,7447
5239,4520
5240,7594
5241,7553
5242,7697
5243,5984
5244,7000
5245,6930
5246,1119
5247,3688
5248,5645
5249,910
5250,5325
5251,1704
5252,6285
5253,8932
5254,8190
5255,5422
5256,2336
5257,3328
5258,1122
5259,4396
5260,8141
5261,7972
5262,7678
5263,5221
5264,7627
5265,8907
5266,1313
5267,8069
5268,9781
5269,4590
5270,8947
5271,1859
5272,9361
5273,2159
5274,6825
5275,1527
5276,2369
5277,6264
5278,1578
5279,6943
5280,9125
5281,3576
5282,2403
5283,63
5284,9172
5285,1843
5286,1662
5287,1343
5288,5413
5289,2038
5290,9552
5291,9163
5292,6134
5293,6829
5294,6465
5295,1223
5296,6781
5297,7391
5298,4919
5299,7141
5300,7220
5301,6520
5302,8924
5303,9966
5304,2186
5305,7492
5306,9903
5307,7834
5308,6343
5309,1737
5310,5441
5311,4546
5312,2313
5313,4338
5314,714
5315,1551
5316,2728
5317,584
5318,74
5319,5357
5320,5537
5321,675
5322,2652
5323,6912
5324,7195
5325,284
5326,7068
5327,9003
5328,9271
5329,6583
5330,2002
5331,6475
5332,932
5333,451
5334,2235
5335,3935
5336,8274
5337,7964
5338,6399
5339,5143
5340,2103
5341,4727
5342,2282
5343,9315
5344,9276
5345,2294
5346,9078
5347,2316
5348,2389
5349,9642
5350,3883
5351,3251
5352,503
5353,3483
5354,8023
5355,9164
5356,7504
5357,5962
5358,7696
5359,7014
5360,8701
5361,9
5362,6882
5363,3909
5364,6210
5365,4369
5366,440
5367,8615
5368,5308
5369,1782
5370,8410
5371,4024
5372,7021
5373,4211
5374,2118
5375,8538
5376,7665
5377,9302
5378,8969
5379,6020
5380,4128
5381,1985
5382,1494
5383,5733
5384,6635
5385,7241
5386,5976
5387,6912
5388,8299
5389,7196
5390,8188
5391,6171
5392,8795
5393,462
5394,785
5395,7996
5396,5286
5397,3785
5398,1690
5399,321
5400,5734
5401,1263
5402,2943
5403,7785
5404,2011
5405,3787
5406,2372
5407,7532
5408,1239
5409,2748
5410,4574
5411,7757
5412,5980
5413,3062
5414,3819
5415,713
5416,4790
5417,7267
5418,8910
5419,9078
5420,7426
5421,9754
5422,4619
5423,4026
5424,182
5425,4982
5426,7703
5427,2438
5428,3252
5429,3228
5430,2974
5431,5018
5432,1181
5433,4207
5434,2762
5435,6417
5436,9601
5437,4955
5438,2964
5439,7448
5440,6523
5441,1533
5442,5856
5443,9890
5444,5846
5445,3780
5446,47
5447,8858
5448,2695
5449,7449
5450,2061
5451,4625
5452,6336
5453,2436
5454,5520
5455,5619
5456,4106
5457,53
5458,2350
5459,3083
5460,4216
5461,3492
5462,103
5463,950
5464,596
5465,7526
5466,4662
5467,3645
5468,8577
5469,1799
5470,1278
5471,9890
5472,2452
5473,3326
5474,2920
5475,512
5476,7140
5477,2571
5478,2814
5479,7209
5480,5253
5481,849
5482,7319
5483,8225
5484,5860
5485,4702
5486,9481
5487,2092
5488,8904
5489,8551
5490,864
5491,3986
5492,1863
5493,7409
5494,8055
5495,3765
5496,8421
5497,5187
5498,1829
5499,5013
5500,2473
5501,4366
5502,6878
5503,4344
5504,1881
5505,299
5506,70
5507,6075
5508,8223
5509,3016
5510,932
5511,5362
5512,2607
5513,694
5514,567
5515,483
5516,4284
5517,4059
5518,504
5519,4773
5520,7901
5521,9802
5522,8181
5523,5535
5524,9621
5525,1465
5526,3270
5527,2870
5528,5756
5529,1463
5530,6064
5531,2367
5532,5899
5533,3177
5534,7565
5535,6205
5536,7343
5537,5681
5538,9620
5539,1282
5540,4044
5541,3824
5542,1559
5543,3866
5544,1445
5545,5116
5546,8564
5547,6059
5548,1329
5549,2000
5550,9619
5551,9788
5552,5905
5553,4086
5554,9115
5555,4647
5556,5074
5557,2041
5558,2743
5559,6662
5560,3470
5561,7601
5562,2238
5563,3227
5564,1301
5565,7109
5566,1192
5567,6245
5568,2523
5569,9345
5570,3997
5571,4940
5572,4199
5573,9860
5574,8382
5575,9396
5576,7848
5577,6330
5578,1923
5579,1780
5580,5892
5581,7444
5582,7898
5583,6467
5584,3479
5585,9609
5586,5464
5587,2463
5588,4399
5589,5328
5590,3210
5591,9797
5592,740
5593,6594
5594,4355
5595,5275
5596,1761
5597,2173
5598,3344
5599,6118
5600,7707
5601,5318
5602,9244
5603,708
5604,902
5605,7511
5606,2198
5607,7443
5608,8175
5609,8346
5610,3496
5611,4557
5612,4219
5613,2557
5614,4655
5615,1948
5616,5207
5617,3663
5618,5598
5619,5123
5620,3219
5621,1992
5622,6810
5623,3457
5624,6889
5625,2180
5626,8388
5627,8705
5628,1456
5629,6368
5630,479
5631,6323
5632,2282
5633,6454
5634,5665
5635,8459
5636,6498
5637,9867
5638,2398
5639,1528
5640,8574
5641,3782
5642,3270
5643,7970
5644,7750
5645,6205
5646,5205
5647,4139
5648,9133
5649,146
5650,8658
5651,8586
5652,4269
5653,397
5654,6246
5655,8550
5656,6443
5657,2371
5658,2794
5659,4253
5660,1628
5661,6665
5662,1870
5663,7825
5664,6620
5665,880
5666,7993
5667,1338
5668,9242
5669,1303
5670,3646
5671,5525
5672,6322
5673,5628
5674,5828
5675,4110
5676,3958
5677,6716
5678,2251
5679,3627
5680,6572
5681,761
5682,4036
5683,3080
5684,9305
5685,2419
5686,9293
5687,5555
5688,3071
5689,1781
5690,3413
5691,6892
5692,862
5693,8401
5694,5448
5695,8799
5696,5922
5697,5723
5698,7155
5699,3734
5700,5742
5701,6239
5702,1169
5703,3688
5704,7668
5705,2103
5706,5847
5707,6042
5708,1514
5709,7587
5710,8446
5711,6849
5712,6185
5713,4307
5714,1202
5715,7501
5716,7650
5717,2444
5718,4320
5719,233
5720,8645
5721,5937
5722,6943
5723,3874
5724,5754
5725,7631
5726,5430
5727,7221
5728,8513
5729,190
5730,2372
5731,3940
5732,1622
5733,3692
5734,4468
5735,5984
5736,3670
5737,9256
5738,3022
5739,7288
5740,5863
5741,6026
5742,639
5743,2991
5744,6369
5745,8714
5746,5789
5747,5696
5748,9048
5749,9359
5750,6698
5751,4952
5752,8342
5753,4265
5754,7509
5755,1346
5756,873
5757,1697
5758,9125
5759,4416
5760,5074
5761,3482
5762,6997
5763,9130
5764,9592
5765,3278
5766,4028
5767,4571
5768,1505
5769,6835
5770,6427
5771,8291
5772,4715
5773,4791
5774,9911
5775,7958
5776,1513
5777,6766
5778,3678
5779,3276
5780,7891
5781,1989
5782,8433
5783,5884
5784,9314
5785,8908
5786,1367
5787,513
5788,1339
5789,5296
5790,4004
5791,7252
5792,1487
5793,3158
5794,542
5795,7231
5796,2176
5797,1403
5798,7716
5799,1057
5800,819
5801,2364
5802,8097
5803,2056
5804,8098
5805,7145
5806,7853
5807,4824
5808,186
5809,9951
5810,4098
5811,8917
5812,1950
5813,9783
5814,1496
5815,8750
5816,9159
5817,5985
5818,549
5819,3822
5820,8833
5821,9183
5822,2483
5823,358
5824,6241
5825,687
5826,2171
5827,5464
5828,6278
5829,9095
5830,1190
5831,9867
5832,7380
5833,5047
5834,5372
5835,3389
5836,6996
5837,7930
5838,1050
5839,6238
5840,4132
5841,75
5842,1726
5843,4950
5844,3606
5845,9289
5846,9472
5847,6193
5848,216
5849,6414
5850,1240
5851,9629
5852,1476
5853,3990
5854,1026
5855,6868
5856,8633
5857,7321
5858,9064
5859,5097
5860,8266
5861,534
5862,2355
5863,8093
5864,7950
5865,6024
5866,2458
5867,8973
5868,1909
5869,3382
5870,4388
5871,8881
5872,232
5873,8141
5874,9653
5875,7420
5876,2360
5877,2418
5878,5181
5879,6558
5880,7234
5881,4468
5882,9924
5883,7513
5884,9697
5885,6068
5886,6502
5887,9428
5888,1375
5889,359
5890,3535
5891,8998
5892,3652
5893,4040
5894,9988
5895,5693
5896,7100
5897,9121
5898,1575
5899,1359
5900,480
5901,3825
5902,5432
5903,3934
5904,3289
5905,8667
5906,2684
5907,8996
5908,1377
5909,8358
5910,2645
5911,1008
5912,4921
5913,4106
5914,9609
5915,5470
5916,5703
5917,6943
5918,6091
5919,3373
5920,25
5921,9523
5922,8178
5923,2145
5924,2927
5925,6245
5926,33
5927,2987
5928,275
5929,4341
5930,5995
5931,3578
5932,6667
5933,3101
5934,3990
5935,6851
5936,9613
5937,3325
5938,6805
5939,9347
5940,6218
5941,707
5942,2803
5943,9571
5944,24
5945,3405
5946,1644
5947,941
5948,4771
5949,2415
5950,8967
5951,6440
5952,10000
5953,5904
5954,3015
5955,9656
5956,2763
5957,2678
5958,8399
5959,2411
5960,8189
5961,1450
5962,7332
5963,2995
5964,4718
5965,4377
5966,5731
5967,7251
5968,3971
5969,9380
5970,713
5971,3749
5972,3568
5973,4405
5974,3923
5975,7050
5976,4587
5977,3853
5978,5894
5979,8031
5980,6733
5981,3309
5982,7513
5983,8414
5984,8678
5985,5171
5986,763
5987,3810
5988,3648
5989,8844
5990,2543
5991,6937
5992,2020
5993,8913
5994,1204
5995,6827
5996,6977
5997,8399
5998,6242
5999,9846
6000,7506
6001,1551
6002,3320
6003,966
6004,6402
6005,3419
6006,8933
6007,3458
6008,7082
6009,8611
6010,8362
6011,8391
6012,9885
6013,7725
6014,6132
6015,1724
6016,6167
6017,4817
6018,8325
6019,6022
6020,5125
6021,2881
6022,6910
6023,8892
6024,4038
6025,3119
6026,1231
6027,3719
6028,1401
6029,4171
6030,6884
6031,3656
6032,8068
6033,4194
6034,551
6035,6455
6036,5648
6037,6579
6038,7607
6039,6830
6040,3348
6041,894
6042,4677
6043,3807
6044,2474
6045,2343
6046,5518
6047,8853
6048,4861
6049,9536
6050,7396
6051,6974
6052,4938
6053,6130
6054,5132
6055,4249
6056,3725
6057,7431
6058,6461
6059,5402
6060,626
6061,9476
6062,3449
6063,1562
6064,2235
6065,4049
6066,5761
6067,2358
6068,8203
6069,7324
6070,6539
6071,4108
6072,207
6073,6828
6074,5174
6075,2345
6076,5219
6077,1134
6078,3390
6079,6330
6080,3447
6081,6553
6082,8361
6083,9042
6084,1478
6085,7672
6086,3463
6087,1845
6088,2272
6089,6227
6090,1832
6091,6328
6092,8480
6093,9634
6094,4016
6095,7649
6096,7913
6097,8905
6098,1341
6099,2652
6100,96
6101,5782
6102,921
6103,9259
6104,7530
6105,2237
6106,8191
6107,6287
6108,3307
6109,3094
6110,9881
6111,1005
6112,5574
6113,3223
6114,7844
6115,4593
6116,2928
6117,8981
6118,8150
6119,8282
6120,8646
6121,6837
6122,788
6123,2544
6124,3152
6125,167
6126,5040
6127,6863
6128,1171
6129,3023
6130,393
6131,6172
6132,4742
6133,8363
6134,2432
6135,4673
6136,2258
6137,2798
6138,4889
6139,8334
6140,3831
6141,5054
6142,7350
6143,3465
6144,8331
6145,3185
6146,854
6147,3373
6148,9927
6149,6165
6150,5370
6151,5840
6152,6277
6153,724
6154,6478
6155,1448
6156,2577
6157,8085
6158,2524
6159,5776
6160,5065
6161,2963
6162,659
6163,7898
6164,7554
6165,5840
6166,5651
6167,5690
6168,8445
6169,8845
6170,3567
6171,8909
6172,2192
6173,3956
6174,6792
6175,1036
6176,3931
6177,4213
6178,4908
6179,8767
6180,7599
6181,5480
6182,7256
6183,268
6184,8059
6185,7994
6186,2174
6187,436
6188,6965
6189,6346
6190,3065
6191,4683
6192,9186
6193,6189
6194,3123
6195,9692
6196,6542
6197,422
6198,3988
6199,7933
6200,5572
6201,5939
6202,7294
6203,5071
6204,1291
6205,951
6206,8500
6207,5167
6208,2577
6209,2229
6210,868
6211,5928
6212,7742
6213,3961
6214,9990
6215,698
6216,570
6217,237
6218,7821
6219,7515
6220,7652
6221,7034
6222,3980
6223,6649
6224,2882
6225,1700
6226,3978
6227,4668
6228,4988
6229,3771
6230,411
6231,1729
6232,3368
6233,7037
6234,4677
6235,8124
6236,4594
6237,5024
6238,1798
6239,7641
6240,2275
6241,4607
6242,5128
6243,5102
6244,9618
6245,8833
6246,5565
6247,584
6248,4867
6249,3223
6250,4181
6251,7612
6252,8237
6253,8700
6254,3649
6255,56
6256,5132
6257,7482
6258,1817
6259,1058
6260,6988
6261,5788
6262,4135
6263,691
6264,2294
6265,8270
6266,5003
6267,6139
6268,5627
6269,6541
6270,2933
6271,860
6272,7670
6273,5346
6274,2678
6275,9852
6276,3760
6277,7868
6278,2670
6279,6990
6280,8945
6281,6524
6282,1794
6283,5118
6284,1497
6285,7522
6286,2664
6287,9654
6288,7131
6289,8037
6290,2297
6291,1035
6292,509
6293,9146
6294,8749
6295,7853
6296,9356
6297,9826
6298,8824
6299,2171
6300,3913
6301,730
6302,8816
6303,4941
6304,6784
6305,9374
6306,7590
6307,4214
6308,9335
6309,5714
6310,9046
6311,5458
6312,8458
6313,5988
6314,9288
6315,556
6316,2951
6317,7000
6318,3648
6319,8137
6320,6085
6321,4147
6322,3984
6323,1083
6324,4254
6325,4796
6326,8416
6327,554
6328,4811
6329,7835
6330,7893
6331,2681
6332,1516
6333,9619
6334,8691
6335,8969
6336,3263
6337,821
6338,9367
6339,9526
6340,8567
6341,5561
6342,4686
6343,1083
6344,9098
6345,9885
6346,3701
6347,9700
6348,2779
6349,2381
6350,7098
6351,5144
6352,3273
6353,9926
6354,7619
6355,3033
6356,15
6357,3314
6358,831
6359,288
6360,1253
6361,6338
6362,5924
6363,7162
6364,3076
6365,2642
6366,81
6367,6978
6368,519
6369,4029
6370,1017
6371,6438
6372,1845
6373,6056
6374,6133
6375,9054
6376,9845
6377,2190
6378,6240
6379,8575
6380,1540
6381,5216
6382,8028
6383,63
6384,7663
6385,3850
6386,6615
6387,9203
6388,1311
6389,7095
6390,9852
6391,9664
6392,6161
6393,313
6394,5640
6395,8433
6396,4805
6397,3798
6398,6528
6399,8134
6400,6623
6401,6050
6402,817
6403,1012
6404,6680
6405,9930
6406,7018
6407,9623
6408,2576
6409,2377
6410,5417
6411,3124
6412,2311
6413,8058
6414,6772
6415,5138
6416,98
6417,5989
6418,6106
6419,5940
6420,1313
6421,6288
6422,2159
6423,594
6424,2319
6425,810
6426,5059
6427,4334
6428,5455
6429,665
6430,1298
6431,2092
6432,2250
6433,3932
6434,5202
6435,3454
6436,2580
6437,7274
6438,3263
6439,6694
6440,6103
6441,2158
6442,5099
6443,9726
6444,3005
6445,7539
6446,405
6447,9407
6448,2921
6449,1997
6450,519
6451,2309
6452,6787
6453,4783
6454,8405
6455,3483
6456,933
6457,1161
6458,9876
6459,8593
6460,8416
6461,8849
6462,6949
6463,4400
6464,7702
6465,9159
6466,7226
6467,7628
6468,9497
6469,1336
6470,9257
6471,5621
6472,1743
6473,4916
6474,3756
6475,730
6476,3893
6477,1901
6478,3369
6479,2935
6480,6438
6481,6639
6482,2111
6483,9253
6484,3787
6485,9211
6486,3386
6487,7993
6488,9629
6489,2513
6490,1911
6491,6278
6492,7290
6493,5882
6494,344
6495,9864
6496,7888
6497,7995
6498,961
6499,4084
6500,9995
6501,4652
6502,2842
6503,8299
6504,9977
6505,7683
6506,1118
6507,5210
6508,1418
6509,4277
6510,8521
6511,4948
6512,2125
6513,8924
6514,973
6515,5168
6516,1298
6517,2414
6518,8193
6519,2135
6520,2829
6521,402
6522,8767
6523,12
6524,1005
6525,1133
6526,8844
6527,5916
6528,7820
6529,787
6530,8598
6531,8747
6532,1270
6533,7531
6534,7446
6535,9288
6536,290
6537,4516
6538,5831
6539,7351
6540,1317
6541,5688
6542,1055
6543,2866
6544,2902
6545,9397
6546,72
6547,9455
6548,6467
6549,3173
6550,9327
6551,3669
6552,2533
6553,7972
6554,2011
6555,5700
6556,8579
6557,8041
6558,9776
6559,1688
6560,8853
6561,2897
6562,8194
6563,5061
6564,1595
6565,4915
6566,1448
6567,1909
6568,9363
6569,5280
6570,8806
6571,7232
6572,9435
6573,9519
6574,4726
6575,7205
6576,4729
6577,8296
6578,7196
6579,8728
6580,7564
6581,9658
6582,2449
6583,4980
6584,9542
6585,4417
6586,1270
6587,4688
6588,556
6589,9309
6590,6493
6591,2131
6592,8022
6593,9551
6594,5300
6595,4299
6596,1992
6597,9468
6598,4742
6599,7140
6600,3634
6601,3998
6602,6399
6603,8856
6604,9571
6605,1195
6606,6590
6607,2071
6608,4159
6609,691
6610,4155
6611,3853
6612,5553
6613,1321
6614,4235
6615,6250
6616,1710
6617,2154
6618,3961
6619,7966
6620,5310
6621,7575
6622,6666
6623,1332
6624,8354
6625,9540
6626,7676
6627,590
6628,7119
6629,3256
6630,6457
6631,9269
6632,9353
6633,4268
6634,2098
6635,2184
6636,6188
6637,906
6638,294
6639,879
6640,7222
6641,64
6642,5669
6643,8438
6644,7298
6645,5351
6646,3042
6647,3426
6648,7222
6649,3511
6650,3279
6651,6378
6652,5440
6653,7256
6654,4571
6655,4496
6656,2648
6657,4919
6658,1432
6659,9959
6660,8965
6661,1153
6662,8669
6663,7858
6664,9353
6665,9723
6666,8919
6667,3993
6668,1567
6669,8187
6670,1967
6671,7372
6672,8285
6673,8929
6674,2736
6675,1849
6676,5321
6677,8549
6678,6183
6679,9533
6680,3674
6681,8535
6682,1571
6683,7385
6684,3746
6685,1835
6686,1431
6687,7802
6688,4126
6689,9441
6690,8426
6691,4955
6692,326
6693,5468
6694,9904
6695,6297
6696,3999
6697,7066
6698,2503
6699,8218
6700,9272
6701,7353
6702,1113
6703,7796
6704,4203
6705,6710
6706,8856
6707,9454
6708,9108
6709,1113
6710,2004
6711,6296
6712,1942
6713,4382
6714,6197
6715,527
6716,1508
6717,8918
6718,5640
6719,1224
6720,6424
6721,7699
6722,7853
6723,2575
6724,6556
6725,696
6726,4284
6727,6528
6728,6421
6729,6315
6730,7415
6731,256
6732,3977
6733,8807
6734,2142
6735,1201
6736,8174
6737,6622
6738,3433
6739,1758
6740,7568
6741,3218
6742,6624
6743,6656
6744,7122
6745,422
6746,4600
6747,359
6748,715
6749,7969
6750,6856
6751,2143
6752,9758
6753,2886
6754,3098
6755,8264
6756,6165
6757,4651
6758,1298
6759,8975
6760,693
6761,6771
6762,2395
6763,7652
6764,2605
6765,4868
6766,651
6767,4927
6768,9588
6769,4796
6770,514
6771,8577
6772,5365
6773,4816
6774,522
6775,7989
6776,1423
6777,2678
6778,9757
6779,6280
6780,8079
6781,4324
6782,7360
6783,369
6784,6881
6785,573
6786,4833
6787,805
6788,5686
6789,3269
6790,5609
6791,2964
6792,4011
6793,2266
6794,1492
6795,667
6796,1546
6797,2532
6798,5035
6799,5177
6800,8078
6801,9707
6802,9399
6803,9816
6804,7767
6805,352
6806,6309
6807,9465
6808,8913
6809,6216
6810,3843
6811,8609
6812,2332
6813,9013
6814,1714
6815,6836
6816,9063
6817,6321
6818,3666
6819,9126
6820,139
6821,9768
6822,9364
6823,9214
6824,5182
6825,6719
6826,6365
6827,9143
6828,3580
6829,2174
6830,7162
6831,2895
6832,1793
6833,9303
6834,1846
6835,4881
6836,2877
6837,5764
6838,7742
6839,8153
6840,8633
6841,2630
6842,9635
6843,4380
6844,3931
6845,4326
6846,1156
6847,8344
6848,5332
6849,4011
6850,9995
6851,9113
6852,3597
6853,4305
6854,2646
6855,2148
6856,931
6857,7583
6858,5843
6859,2114
6860,4072
6861,4989
6862,680
6863,6953
6864,7319
6865,8074
6866,870
6867,2844
6868,9180
6869,6198
6870,8166
6871,5121
6872,5028
6873,4559
6874,2595
6875,5861
6876,8692
6877,6040
6878,1520
6879,7033
6880,3969
6881,5953
6882,1548
6883,5774
6884,3980
6885,1082
6886,6006
6887,8754
6888,5090
6889,705
6890,9333
6891,5802
6892,8494
6893,205
6894,6310
6895,1573
6896,37
6897,38
6898,9402
6899,2934
6900,7572
6901,1788
6902,3548
6903,6114
6904,1089
6905,8390
6906,2261
6907,6565
6908,3020
6909,7174
6910,9941
6911,1553
6912,8446
6913,4463
6914,7852
6915,2985
6916,6136
6917,2474
6918,1982
6919,2187
6920,1273
6921,6491
6922,2643
6923,2989
6924,3677
6925,4705
6926,1754
6927,807
6928,9872
6929,3567
6930,104
6931,9751
6932,3527
6933,206
6934,7246
6935,3141
6936,6164
6937,4867
6938,2446
6939,5559
6940,6093
6941,6205
6942,1773
6943,3182
6944,5559
6945,134
6946,6923
6947,7313
6948,3165
6949,2711
6950,363
6951,8209
6952,4316
6953,7673
6954,3813
6955,1352
6956,1068
6957,3523
6958,9841
6959,2298
6960,4074
6961,3925
6962,8942
6963,5916
6964,8529
6965,8556
6966,306
6967,9369
6968,8411
6969,3242
6970,7371
6971,528
6972,1618
6973,2856
6974,6735
6975,2107
6976,7960
6977,8280
6978,3764
6979,3929
6980,922
6981,6088
6982,2769
6983,8986
6984,2676
6985,7069
6986,8829
6987,4032
6988,4406
6989,5675
6990,9808
6991,8807
6992,3325
6993,4837
6994,9716
6995,3880
6996,1678
6997,8938
6998,675
6999,5402
7000,5012
7001,9114
7002,2926
7003,2063
7004,6771
7005,5206
7006,8929
7007,4660
7008,9812
7009,382
7010,8747
7011,4060
7012,470
7013,5211
7014,7817
7015,832
7016,3354
7017,6543
7018,1621
7019,7209
7020,6636
7021,8095
7022,8828
7023,9038
7024,3317
7025,7333
7026,1756
7027,3155
7028,2874
7029,4224
7030,9909
7031,4304
7032,124
7033,1103
7034,6332
7035,301
7036,3136
7037,8277
7038,5453
7039,4489
7040,9272
7041,3361
7042,7829
7043,9159
7044,2425
7045,7410
7046,680
7047,6232
7048,8360
7049,6469
7050,6587
7051,905
7052,991
7053,4739
7054,5796
7055,3840
7056,3218
7057,7532
7058,9152
7059,7704
7060,7689
7061,619
7062,8975
7063,3132
7064,1931
7065,5266
7066,4907
7067,7013
7068,4077
7069,2575
7070,4541
7071,9643
7072,4366
7073,9007
7074,9582
7075,6137
7076,1755
7077,5892
7078,6961
7079,8298
7080,6947
7081,7393
7082,7850
7083,3662
7084,1611
7085,2897
7086,8471
7087,9758
7088,7393
7089,7653
7090,933
7091,1680
7092,1384
7093,6572
7094,6535
7095,4358
7096,3136
7097,8064
7098,9395
7099,5860
7100,9752
7101,6157
7102,8840
7103,8292
7104,1850
7105,9665
7106,204
7107,3890
7108,8006
7109,6314
7110,4310
7111,4370
7112,1397
7113,2657
7114,6455
7115,1607
7116,842
7117,3474
7118,5650
7119,2950
7120,2852
7121,4764
7122,9245
7123,1890
7124,3838
7125,243
7126,6854
7127,4721
7128,2571
7129,2390
7130,9497
7131,2187
7132,9962
7133,5370
7134,8980
7135,3118
7136,2016
7137,5478
7138,8087
7139,3310
7140,5118
7141,642
7142,9902
7143,3127
7144,2889
7145,5412
7146,8290
7147,3122
7148,3150
7149,6944
7150,1815
7151,5346
7152,9542
7153,9310
7154,4415
7155,2926
7156,43
7157,8248
7158,4969
7159,6272
7160,8835
7161,6324
7162,6624
7163,1041
7164,5195
7165,5505
7166,2209
7167,4246
7168,4386
7169,9946
7170,7232
7171,2617
7172,7556
7173,3138
7174,6287
7175,7690
7176,1532
7177,7247
7178,1996
7179,9147
7180,3064
7181,4212
7182,5072
7183,6723
7184,4822
7185,4893
7186,3267
7187,5851
7188,2135
7189,9783
7190,3523
7191,8838
7192,1707
7193,7064
7194,3552
7195,4293
7196,8753
7197,8762
7198,3879
7199,2163
7200,9244
7201,1116
7202,5525
7203,854
7204,7306
7205,4108
7206,960
7207,942
7208,9898
7209,4028
7210,601
7211,5804
7212,1523
7213,2770
7214,2958
7215,3139
7216,3073
7217,9992
7218,711
7219,8278
7220,8466
7221,189
7222,6694
7223,8096
7224,982
7225,8867
7226,3930
7227,8553
7228,3940
7229,1769
7230,5326
7231,6985
7232,2894
7233,528
7234,8444
7235,6332
7236,4995
7237,5799
7238,505
7239,7530
7240,5596
7241,6328
7242,7173
7243,8174
7244,7758
7245,5821
7246,2682
7247,7164
7248,1000
7249,8601
7250,5387
7251,4248
7252,9318
7253,787
7254,510
7255,6293
7256,2523
7257,7784
7258,3220
7259,6391
7260,8898
7261,9991
7262,7659
7263,2925
7264,3709
7265,8427
7266,977
7267,2695
7268,6737
7269,7427
7270,9537
7271,17
7272,3246
7273,761
7274,9281
7275,6497
7276,1208
7277,8624
7278,6591
7279,96
7280,2320
7281,3687
7282,6545
7283,5557
7284,3411
7285,1678
7286,6374
7287,5190
7288,538
7289,9807
7290,1256
7291,3310
7292,5737
7293,5767
7294,700
7295,7004
7296,9698
7297,5010
7298,7134
7299,4805
7300,8273
7301,2636
7302,2765
7303,8425
7304,9282
7305,2199
7306,207
7307,9343
7308,12
7309,7140
7310,3525
7311,3640
7312,7193
7313,1574
7314,124
7315,7149
7316,2611
7317,9001
7318,4718
7319,8461
7320,7571
7321,3046
7322,9382
7323,6401
7324,3148
7325,4753
7326,5191
7327,1883
7328,1939
7329,9205
7330,1943
7331,7928
7332,842
7333,9102
7334,6293
7335,5825
7336,9169
7337,906
7338,1732
7339,7603
7340,4378
7341,954
7342,9478
7343,5370
7344,7170
7345,2051
7346,5089
7347,7508
7348,784
7349,2077
7350,4722
7351,8708
7352,1858
7353,9724
7354,2004
7355,1333
7356,7019
7357,7054
7358,8328
7359,1405
7360,6929
7361,5832
7362,9169
7363,9603
7364,2759
7365,9435
7366,8071
7367,8181
7368,9956
7369,8320
7370,6794
7371,4812
7372,7569
7373,7656
7374,3965
7375,3423
7376,9655
7377,8808
7378,3153
7379,2164
7380,1019
7381,4540
7382,226
7383,7238
7384,7349
7385,2875
7386,3415
7387,4740
7388,8939
7389,4960
7390,2382
7391,1393
7392,3021
7393,8695
7394,1479
7395,2731
7396,2794
7397,6674
7398,2757
7399,3494
7400,6910
7401,4143
7402,5559
7403,2513
7404,9132
7405,3802
7406,6793
7407,5379
7408,188
7409,3784
7410,2797
7411,4792
7412,932
7413,1836
7414,3699
7415,498
7416,6988
7417,9677
7418,74
7419,8485
7420,554
7421,2853
7422,9855
7423,311
7424,8804
7425,7202
7426,6939
7427,2402
7428,5968
7429,6569
7430,3695
7431,9228
7432,8116
7433,9150
7434,4577
7435,1999
7436,8227
7437,4724
7438,387
7439,4807
7440,8615
7441,1015
7442,4689
7443,901
7444,1512
7445,6068
7446,5833
7447,1878
7448,8259
7449,7377
7450,4500
7451,564
7452,912
7453,9046
7454,4475
7455,5549
7456,5713
7457,4017
7458,4598
7459,8031
7460,4331
7461,1108
7462,3758
7463,6690
7464,6237
7465,7700
7466,2657
7467,6766
7468,7509
7469,7119
7470,3632
7471,7481
7472,8411
7473,1342
7474,8319
7475,6465
7476,6225
7477,3092
7478,3292
7479,2183
7480,616
7481,2344
7482,7485
7483,5755
7484,5776
7485,1537
7486,4153
7487,3949
7488,5238
7489,5076
7490,291
7491,4181
7492,7121
7493,7456
7494,4350
7495,5584
7496,1364
7497,204
7498,4403
7499,6974
7500,2534
7501,3788
7502,9788
7503,6086
7504,6310
7505,81
7506,3872
7507,8931
7508,2871
7509,3638
7510,1964
7511,3145
7512,1544
7513,3164
7514,3784
7515,696
7516,6784
7517,5603
7518,2362
7519,207
7520,7640
7521,9782
7522,3548
7523,993
7524,563
7525,1640
7526,592
7527,3075
7528,5792
7529,1032
7530,6169
7531,9364
7532,9785
7533,3555
7534,5217
7535,6409
7536,4769
7537,2811
7538,9733
7539,4787
7540,5057
7541,4576
7542,9541
7543,5938
7544,3741
7545,3608
7546,1957
7547,6192
7548,2332
7549,5899
7550,4654
7551,5761
7552,9782
7553,8633
7554,9697
7555,5837
7556,864
7557,8585
7558,932
7559,1481
7560,7113
7561,5553
7562,8611
7563,5844
7564,8854
7565,3945
7566,5000
7567,8512
7568,4679
7569,6329
7570,8466
7571,8936
7572,5287
7573,2734
7574,2438
7575,8794
7576,1642
7577,2487
7578,3646
7579,4957
7580,7121
7581,6913
7582,4319
7583,8255
7584,5993
7585,5063
7586,7252
7587,7329
7588,925
7589,7454
7590,9181
7591,6722
7592,5
7593,9457
7594,2028
7595,4881
7596,8211
7597,2970
7598,1194
7599,1848
7600,3919
7601,5946
7602,7341
7603,6005
7604,4743
7605,2462
7606,4547
7607,1678
7608,2113
7609,8011
7610,5429
7611,8972
7612,3804
7613,5773
7614,619
7615,913
7616,1927
7617,3012
7618,8143
7619,7453
7620,8331
7621,1529
7622,6655
7623,1002
7624,9396
7625,2457
7626,1185
7627,4980
7628,184
7629,9744
7630,7519
7631,3974
7632,3784
7633,3538
7634,2139
7635,9081
7636,9513
7637,6650
7638,2166
7639,9535
7640,2441
7641,2565
7642,5797
7643,918
7644,6095
7645,481
7646,8131
7647,7406
7648,1509
7649,574
7650,7341
7651,2250
7652,6267
7653,4356
7654,991
7655,624
7656,8597
7657,623
7658,3020
7659,3642
7660,4622
7661,8632
7662,1946
7663,9440
7664,4996
7665,3026
7666,586
7667,9719
7668,1756
7669,7840
7670,2435
7671,4165
7672,1889
7673,9094
7674,1378
7675,5390
7676,2174
7677,3777
7678,3726
7679,5510
7680,9695
7681,7215
7682,5709
7683,9280
7684,185
7685,9312
7686,1079
7687,4474
7688,9356
7689,9016
7690,3031
7691,237
7692,8956
7693,6059
7694,9753
7695,4823
7696,9156
7697,2789
7698,187
7699,8037
7700,9033
7701,2746
7702,5942
7703,9455
7704,8259
7705,5987
7706,9052
7707,7034
7708,8185
7709,7736
7710,5646
7711,6690
7712,1603
7713,1240
7714,1618
7715,3749
7716,5323
7717,3381
7718,617
7719,9881
7720,9627
7721,978
7722,9717
7723,5769
7724,3628
7725,6836
7726,6174
7727,845
7728,838
7729,7088
7730,9659
7731,4550
7732,9497
7733,6144
7734,1200
7735,1695
7736,5384
7737,2942
7738,5702
7739,6364
7740,7649
7741,2603
7742,2872
7743,6872
7744,7733
7745,3100
7746,434
7747,8197
7748,2609
7749,3245
7750,3007
7751,1326
7752,9792
7753,431
7754,1466
7755,3126
7756,7420
7757,4219
7758,998
7759,6530
7760,4417
7761,6910
7762,3882
7763,7405
7764,2034
7765,1140
7766,3473
7767,3406
7768,3566
7769,504
7770,2870
7771,6748
7772,8010
7773,7204
7774,5427
7775,2916
7776,3139
7777,6889
7778,1521
7779,6246
7780,5962
7781,5931
7782,1415
7783,8475
7784,7534
7785,8678
7786,9137
7787,124
7788,3212
7789,4572
7790,5846
7791,5888
7792,459
7793,3074
7794,4030
7795,6968
7796,5319
7797,6048
7798,9937
7799,7218
7800,7583
7801,1809
7802,9044
7803,584
7804,3432
7805,5611
7806,1268
7807,7066
7808,4140
7809,3991
7810,950
7811,5097
7812,1542
7813,5098
7814,9246
7815,2417
7816,7050
7817,5920
7818,8480
7819,1363
7820,5019
7821,1184
7822,7249
7823,7833
7824,2687
7825,3924
7826,9377
7827,18
7828,8738
7829,488
7830,3253
7831,3456
7832,5373
7833,9787
7834,1503
7835,9548
7836,6386
7837,6722
7838,8350
7839,6197
7840,9336
7841,5605
7842,6205
7843,7176
7844,4616
7845,8431
7846,5842
7847,3120
7848,2295
7849,8823
7850,4884
7851,8886
7852,1553
7853,7986
7854,5739
7855,6497
7856,3028
7857,542
7858,1392
7859,8067
7860,982
7861,6434
7862,2536
7863,9505
7864,2246
7865,3006
7866,8411
7867,1129
7868,6448
7869,9160
7870,3166
7871,8534
7872,6426
7873,5819
7874,9627
7875,6787
7876,2853
7877,6667
7878,9722
7879,4497
7880,3826
7881,9681
7882,6143
7883,8513
7884,133
7885,4797
7886,4714
7887,8211
7888,4385
7889,2390
7890,3373
7891,7629
7892,638
7893,4440
7894,1882
7895,1438
7896,843
7897,1091
7898,8157
7899,2217
7900,7976
7901,7571
7902,6381
7903,3704
7904,870
7905,6802
7906,2779
7907,864
7908,4761
7909,7443
7910,736
7911,2546
7912,8245
7913,3127
7914,3410
7915,2643
7916,3501
7917,2072
7918,310
7919,6159
7920,283
7921,6639
7922,6028
7923,5912
7924,5465
7925,2479
7926,5279
7927,5288
7928,8713
7929,5563
7930,963
7931,5305
7932,7427
7933,2660
7934,1523
7935,245
7936,438
7937,7987
7938,1699
7939,3087
7940,6388
7941,8632
7942,6745
7943,9966
7944,1798
7945,4299
7946,8464
7947,7149
7948,720
7949,7522
7950,3548
7951,716
7952,9049
7953,47
7954,4807
7955,6889
7956,1041
7957,5487
7958,5658
7959,9595
7960,6579
7961,1010
7962,9938
7963,4411
7964,2158
7965,3356
7966,215
7967,2631
7968,7316
7969,872
7970,9287
7971,6741
7972,1789
7973,9033
7974,536
7975,8671
7976,2759
7977,7552
7978,1066
7979,189
7980,8990
7981,141
7982,2309
7983,3700
7984,48
7985,8713
7986,514
7987,8360
7988,9701
7989,3852
7990,9786
7991,7134
7992,1768
7993,7982
7994,6110
7995,5470
7996,2687
7997,3485
7998,4002
7999,1376
8000,3565
8001,2707
8002,4934
8003,1517
8004,1290
8005,3414
8006,2117
8007,1234
8008,7370
8009,4227
8010,5918
8011,4050
8012,2310
8013,2821
8014,9581
8015,3917
8016,6957
8017,1224
8018,6093
8019,8661
8020,8740
8021,2848
8022,987
8023,8855
8024,711
8025,4574
8026,108
8027,9121
8028,9598
8029,7821
8030,6820
8031,3146
8032,9702
8033,1843
8034,5780
8035,5490
8036,8207
8037,8256
8038,9687
8039,9878
8040,4235
8041,2698
8042,9475
8043,4662
8044,4864
8045,7987
8046,8348
8047,5311
8048,8260
8049,7010
8050,1822
8051,787
8052,1066
8053,1043
8054,5110
8055,6898
8056,6332
8057,6100
8058,5379
8059,9444
8060,1470
8061,2406
8062,9135
8063,9283
8064,7220
8065,8259
8066,6842
8067,3685
8068,9081
8069,4147
8070,6792
8071,5510
8072,5109
8073,2834
8074,686
8075,1850
8076,1647
8077,7173
8078,1994
8079,7790
8080,5717
8081,4513
8082,1960
8083,5149
8084,6258
8085,1993
8086,2693
8087,8514
8088,8738
8089,7348
8090,8276
8091,1453
8092,8164
8093,5612
8094,9234
8095,2035
8096,5272
8097,1604
8098,1618
8099,9027
8100,3993
8101,8116
8102,3974
8103,7962
8104,5523
8105,728
8106,2729
8107,1012
8108,256
8109,7021
8110,5434
8111,4994
8112,9080
8113,4029
8114,5821
8115,2395
8116,1160
8117,3087
8118,572
8119,2887
8120,5857
8121,7142
8122,4317
8123,3442
8124,2639
8125,3433
8126,6644
8127,8633
8128,3036
8129,2866
8130,3917
8131,7614
8132,2346
8133,4617
8134,9240
8135,5312
8136,2637
8137,5235
8138,8894
8139,9401
8140,4619
8141,3946
8142,3198
8143,2733
8144,4620
8145,525
8146,2331
8147,2133
8148,422
8149,7149
8150,854
8151,5737
8152,7356
8153,2373
8154,7012
8155,3540
8156,2570
8157,8928
8158,5871
8159,2854
8160,1123
8161,4295
8162,6087
8163,5500
8164,793
8165,8496
8166,5000
8167,2549
8168,9845
8169,7873
8170,850
8171,7628
8172,6833
8173,1437
8174,299
8175,135
8176,711
8177,265
8178,476
8179,3525
8180,6051
8181,3338
8182,7382
8183,725
8184,814
8185,3631
8186,4887
8187,3288
8188,9155
8189,2930
8190,3163
8191,9385
8192,3253
8193,6085
8194,8708
8195,3521
8196,2220
8197,9301
8198,1640
8199,5148
8200,2627
8201,8931
8202,7613
8203,8177
8204,379
8205,8887
8206,7839
8207,1111
8208,214
8209,7443
8210,5240
8211,9384
8212,5881
8213,5666
8214,6742
8215,2346
8216,2036
8217,1786
8218,7583
8219,5332
8220,2727
8221,1151
8222,6309
8223,343
8224,8258
8225,7275
8226,4
8227,9938
8228,2209
8229,4857
8230,4607
8231,4980
8232,979
8233,7800
8234,7783
8235,1008
8236,9311
8237,2448
8238,15
8239,8145
8240,9764
8241,6747
8242,608
8243,3989
8244,1909
8245,6367
8246,8812
8247,8587
8248,460
8249,9545
8250,5041
8251,112
8252,369
8253,3951
8254,8697
8255,6309
8256,4561
8257,5962
8258,90
8259,3493
8260,7027
8261,3500
8262,7416
8263,8231
8264,809
8265,2120
8266,8867
8267,4432
8268,560
8269,1589
8270,6493
8271,1565
8272,789
8273,8108
8274,9809
8275,8027
8276,2451
8277,1825
8278,8005
8279,4105
8280,2987
8281,987
8282,1776
8283,8725
8284,7612
8285,1175
8286,3003
8287,5527
8288,7634
8289,8763
8290,2574
8291,7990
8292,6135
8293,4213
8294,4875
8295,7929
8296,2822
8297,4948
8298,8563
8299,477
8300,2890
8301,3985
8302,1716
8303,6375
8304,1264
8305,1986
8306,4839
8307,1619
8308,4159
8309,3617
8310,2843
8311,5923
8312,1754
8313,7368
8314,1632
8315,5291
8316,8522
8317,8945
8318,1086
8319,7316
8320,9548
8321,7117
8322,1429
8323,8614
8324,9855
8325,1836
8326,7665
8327,9813
8328,7742
8329,4201
8330,6248
8331,7621
8332,7749
8333,6209
8334,6286
8335,1597
8336,6162
8337,5469
8338,172
8339,1133
8340,2847
8341,8068
8342,7055
8343,489
8344,1401
8345,6362
8346,8311
8347,9801
8348,5410
8349,650
8350,441
8351,8258
8352,15
8353,7391
8354,8683
8355,2871
8356,7414
8357,4959
8358,6660
8359,1268
8360,8302
8361,3351
8362,6997
8363,5213
8364,8064
8365,7039
8366,6415
8367,506
8368,9341
8369,8669
8370,9144
8371,1674
8372,2803
8373,6639
8374,8943
8375,2538
8376,4173
8377,3525
8378,8105
8379,2256
8380,5629
8381,8985
8382,1690
8383,2592
8384,9761
8385,8075
8386,317
8387,5099
8388,619
8389,8949
8390,1600
8391,4410
8392,8076
8393,2574
8394,6735
8395,4120
8396,5765
8397,4828
8398,5305
8399,4149
8400,3042
8401,8586
8402,9678
8403,3505
8404,8841
8405,1781
8406,9893
8407,2561
8408,4132
8409,1984
8410,3316
8411,726
8412,2249
8413,8534
8414,9549
8415,7431
8416,9119
8417,1888
8418,8848
8419,9154
8420,4049
8421,2911
8422,6843
8423,6911
8424,9832
8425,2718
8426,656
8427,5378
8428,205
8429,5256
8430,2791
8431,2420
8432,6037
8433,4046
8434,9545
8435,689
8436,6861
8437,2561
8438,5349
8439,9605
8440,3511
8441,3992
8442,7883
8443,4615
8444,4421
8445,9600
8446,8497
8447,8279
8448,9303
8449,8216
8450,7902
8451,3667
8452,2655
8453,1078
8454,9265
8455,4087
8456,7452
8457,2274
8458,6162
8459,2755
8460,337
8461,1541
8462,935
8463,560
8464,9192
8465,904
8466,8161
8467,7607
8468,397
8469,8068
8470,4300
8471,4643
8472,4520
8473,6246
8474,7844
8475,1952
8476,1439
8477,5091
8478,6181
8479,7133
8480,3226
8481,3854
8482,8638
8483,2518
8484,1131
8485,4739
8486,3381
8487,1660
8488,5730
8489,4412
8490,2242
8491,3624
8492,5865
8493,5760
8494,2611
8495,1700
8496,1717
8497,3223
8498,4973
8499,3858
8500,1074
8501,676
8502,5446
8503,9864
8504,6183
8505,3497
8506,5981
8507,1257
8508,7521
8509,7664
8510,5440
8511,4794
8512,5445
8513,8552
8514,314
8515,8361
8516,1411
8517,2112
8518,2712
8519,331
8520,433
8521,4061
8522,3348
8523,7078
8524,5073
8525,3034
8526,1749
8527,6155
8528,8620
8529,8596
8530,147
8531,3229
8532,1095
8533,3580
8534,2618
8535,5131
8536,3340
8537,5190
8538,3756
8539,4296
8540,5690
8541,6424
8542,5204
8543,801
8544,7459
8545,3278
8546,1798
8547,7557
8548,2547
8549,6385
8550,6178
8551,3400
8552,5142
8553,5559
8554,3901
8555,8124
8556,7649
8557,6536
8558,72
8559,7636
8560,5764
8561,7886
8562,5527
8563,897
8564,7254
8565,6432
8566,9967
8567,9502
8568,7795
8569,7996
8570,4713
8571,985
8572,8239
8573,7580
8574,3800
8575,1533
8576,4957
8577,2672
8578,7389
8579,3459
8580,4381
8581,2667
8582,8874
8583,4960
8584,6427
8585,112
8586,3085
8587,9255
8588,9802
8589,7865
8590,225
8591,4800
8592,4350
8593,9080
8594,4254
8595,1264
8596,6396
8597,764
8598,9335
8599,9053
8600,629
8601,3216
8602,7752
8603,3544
8604,6467
8605,5302
8606,4899
8607,7979
8608,8389
8609,4198
8610,4320
8611,9881
8612,2636
8613,6491
8614,6622
8615,8189
8616,9124
8617,3697
8618,3857
8619,6662
8620,9794
8621,7323
8622,1230
8623,6345
8624,924
8625,23
8626,3112
8627,5769
8628,3230
8629,1730
8630,617
8631,7731
8632,3130
8633,891
8634,2927
8635,5173
8636,701
8637,8281
8638,4188
8639,3379
8640,3129
8641,6682
8642,8629
8643,1064
8644,9402
8645,2943
8646,4190
8647,739
8648,2383
8649,226
8650,969
8651,9698
8652,9081
8653,3535
8654,2869
8655,5370
8656,2296
8657,2825
8658,6620
8659,9494
8660,20
8661,46
8662,9505
8663,5457
8664,8290
8665,438
8666,3527
8667,1307
8668,7898
8669,7602
8670,1214
8671,2799
8672,4421
8673,8504
8674,302
8675,6784
8676,4773
8677,9554
8678,9181
8679,9575
8680,3282
8681,2970
8682,5238
8683,1610
8684,9410
8685,4770
8686,4970
8687,3284
8688,9259
8689,8500
8690,1826
8691,202
8692,4595
8693,3401
8694,3547
8695,3856
8696,8884
8697,3254
8698,8166
8699,5204
8700,6538
8701,9900
8702,7897
8703,1715
8704,6088
8705,1230
8706,7630
8707,4133
8708,7793
8709,979
8710,331
8711,5448
8712,7840
8713,174
8714,4039
8715,9012
8716,2058
8717,808
8718,6466
8719,1576
8720,3793
8721,866
8722,4913
8723,6062
8724,1682
8725,1580
8726,4517
8727,4600
8728,2512
8729,3857
8730,8832
8731,9931
8732,2557
8733,7824
8734,915
8735,6748
8736,7212
8737,494
8738,201
8739,5425
8740,7119
8741,4887
8742,7996
8743,847
8744,7230
8745,5216
8746,6964
8747,418
8748,2762
8749,4602
8750,5943
8751,3942
8752,1112
8753,2374
8754,5234
8755,6476
8756,8870
8757,8880
8758,9582
8759,5072
8760,8695
8761,5283
8762,6014
8763,7996
8764,2309
8765,3433
8766,6819
8767,3526
8768,1698
8769,1329
8770,2814
8771,241
8772,350
8773,1358
8774,7442
8775,8654
8776,9334
8777,1204
8778,3042
8779,5884
8780,8640
8781,9112
8782,2840
8783,3005
8784,6827
8785,1242
8786,7572
8787,1780
8788,44
8789,7893
8790,5979
8791,6615
8792,2358
8793,9566
8794,5961
8795,2280
8796,9805
8797,3878
8798,6384
8799,5349
8800,3094
8801,8695
8802,8740
8803,1634
8804,5057
8805,7215
8806,3387
8807,9501
8808,7437
8809,2490
8810,4198
8811,878
8812,2680
8813,3218
8814,8045
8815,8835
8816,3232
8817,697
8818,6545
8819,5648
8820,7828
8821,8306
8822,6806
8823,3627
8824,3187
8825,1317
8826,256
8827,2551
8828,8110
8829,9884
8830,3534
8831,8141
8832,4407
8833,6449
8834,2025
8835,8288
8836,1146
8837,1606
8838,5684
8839,2764
8840,3259
8841,7005
8842,5076
8843,6708
8844,4224
8845,8514
8846,4020
8847,6179
8848,6683
8849,560
8850,655
8851,3153
8852,6099
8853,6646
8854,5274
8855,6715
8856,4529
8857,7407
8858,6419
8859,2878
8860,2109
8861,7050
8862,5722
8863,5996
8864,9480
8865,6116
8866,8198
8867,7125
8868,564
8869,6029
8870,2025
8871,5473
8872,879
8873,3487
8874,5869
8875,2929
8876,9118
8877,9568
8878,4696
8879,8177
8880,9170
8881,2850
8882,6932
8883,6039
8884,6084
8885,499
8886,2732
8887,3000
8888,5883
8889,7702
8890,7311
8891,8849
8892,3148
8893,2008
8894,5259
8895,269
8896,7021
8897,3645
8898,7193
8899,5057
8900,6885
8901,4517
8902,1303
8903,9120
8904,3253
8905,7418
8906,1830
8907,628
8908,78
8909,8728
8910,9387
8911,3673
8912,3926
8913,522
8914,9906
8915,8165
8916,5436
8917,3356
8918,3124
8919,1823
8920,468
8921,4905
8922,4599
8923,1549
8924,2186
8925,6073
8926,7373
8927,6944
8928,5396
8929,1017
8930,8324
8931,4978
8932,1376
8933,7600
8934,3648
8935,2612
8936,9270
8937,9485
8938,9601
8939,3438
8940,8577
8941,4793
8942,9643
8943,9394
8944,7698
8945,4698
8946,4596
8947,1621
8948,9036
8949,4159
8950,2641
8951,2909
8952,8624
8953,9735
8954,2728
8955,7029
8956,4948
8957,6508
8958,6523
8959,3800
8960,2745
8961,6751
8962,2810
8963,9210
8964,8894
8965,5410
8966,3999
8967,3567
8968,2440
8969,4714
8970,1227
8971,1235
8972,3922
8973,1889
8974,4996
8975,175
8976,2162
8977,6650
8978,6482
8979,923
8980,2044
8981,9873
8982,862
8983,2160
8984,7625
8985,6470
8986,4787
8987,3907
8988,2606
8989,7712
8990,3836
8991,9574
8992,3691
8993,9924
8994,4117
8995,8580
8996,6848
8997,7546
8998,9496
8999,9231
9000,4611
9001,2166
9002,8405
9003,2115
9004,530
9005,2142
9006,8721
9007,2524
9008,9571
9009,155
9010,8495
9011,4144
9012,8945
9013,8992
9014,2852
9015,563
9016,5681
9017,7880
9018,8942
9019,3055
9020,3798
9021,5332
9022,3023
9023,3458
9024,2825
9025,9269
9026,8080
9027,4054
9028,2055
9029,3423
9030,766
9031,8425
9032,5483
9033,4043
9034,6625
9035,7491
9036,4342
9037,2986
9038,1919
9039,723
9040,1425
9041,596
9042,4690
9043,8162
9044,825
9045,1971
9046,5113
9047,9860
9048,6080
9049,5665
9050,3917
9051,3471
9052,4203
9053,3113
9054,2657
9055,5566
9056,4569
9057,5296
9058,5937
9059,607
9060,1279
9061,3493
9062,2841
9063,6453
9064,7503
9065,3437
9066,203
9067,7592
9068,6497
9069,6193
9070,5709
9071,6080
9072,8071
9073,9828
9074,9865
9075,137
9076,4133
9077,1267
9078,956
9079,6627
9080,6667
9081,6124
9082,6571
9083,3029
9084,4992
9085,3201
9086,1472
9087,4980
9088,485
9089,6958
9090,636
9091,7502
9092,95
9093,6614
9094,3325
9095,8933
9096,7800
9097,4198
9098,389
9099,9804
9100,3432
9101,3660
9102,2280
9103,9804
9104,5429
9105,3922
9106,4313
9107,5428
9108,585
9109,6311
9110,4751
9111,285
9112,7667
9113,423
9114,6966
9115,259
9116,1792
9117,2838
9118,4068
9119,307
9120,6632
9121,9951
9122,7289
9123,2518
9124,1262
9125,3519
9126,3129
9127,6831
9128,9219
9129,9433
9130,5865
9131,6020
9132,1025
9133,3609
9134,3220
9135,1541
9136,2091
9137,9876
9138,4536
9139,5683
9140,5368
9141,6956
9142,4322
9143,6759
9144,5824
9145,3735
9146,1228
9147,7448
9148,3588
9149,4529
9150,169
9151,8341
9152,9821
9153,5220
9154,3100
9155,5885
9156,9406
9157,4985
9158,6132
9159,3232
9160,5750
9161,5288
9162,9058
9163,8987
9164,4391
9165,6667
9166,1469
9167,6177
9168,3123
9169,7353
9170,9461
9171,3226
9172,3547
9173,5333
9174,7849
9175,7197
9176,82
9177,792
9178,4912
9179,2070
9180,8368
9181,6379
9182,1164
9183,4812
9184,9076
9185,9532
9186,2101
9187,5285
9188,5278
9189,6328
9190,7795
9191,9247
9192,2393
9193,4212
9194,3601
9195,4038
9196,6178
9197,9343
9198,6039
9199,8777
9200,820
9201,4938
9202,7588
9203,8285
9204,5640
9205,86
9206,2448
9207,7801
9208,8162
9209,315
9210,533
9211,6407
9212,7138
9213,1763
9214,3358
9215,6961
9216,6093
9217,7058
9218,7383
9219,6297
9220,6963
9221,1032
9222,8179
9223,2989
9224,8413
9225,3505
9226,3046
9227,1633
9228,6958
9229,5920
9230,3603
9231,2948
9232,6311
9233,9564
9234,5824
9235,9801
9236,6062
9237,2314
9238,8802
9239,2609
9240,3828
9241,4205
9242,9017
9243,4053
9244,1172
9245,1300
9246,3317
9247,9224
9248,7160
9249,8064
9250,628
9251,5267
9252,3606
9253,1230
9254,7040
9255,1383
9256,5232
9257,2986
9258,7826
9259,3863
9260,5798
9261,9695
9262,9384
9263,3261
9264,4641
9265,2741
9266,7421
9267,1842
9268,462
9269,1675
9270,4158
9271,8745
9272,5001
9273,1693
9274,4656
9275,3319
9276,7583
9277,3682
9278,467
9279,6807
9280,1213
9281,5569
9282,7626
9283,7404
9284,7401
9285,9166
9286,3662
9287,7085
9288,4526
9289,6220
9290,9820
9291,1428
9292,9416
9293,6542
9294,6499
9295,1638
9296,1710
9297,5976
9298,5786
9299,5753
9300,6492
9301,7810
9302,7979
9303,3374
9304,3530
9305,2311
9306,3392
9307,1899
9308,228
9309,9398
9310,3018
9311,7979
9312,5632
9313,4126
9314,5094
9315,1466
9316,3442
9317,8984
9318,2310
9319,4142
9320,3908
9321,1569
9322,9328
9323,4900
9324,8569
9325,6822
9326,5275
9327,9473
9328,9101
9329,5844
9330,2542
9331,8583
9332,7524
9333,8282
9334,3732
9335,5126
9336,3400
9337,9076
9338,5387
9339,2103
9340,8898
9341,2255
9342,6476
9343,4617
9344,607
9345,481
9346,563
9347,6665
9348,6013
9349,699
9350,8217
9351,7558
9352,9473
9353,7467
9354,8261
9355,4849
9356,8911
9357,6544
9358,6622
9359,5415
9360,4150
9361,7979
9362,1310
9363,329
9364,2451
9365,5177
9366,1060
9367,5898
9368,896
9369,993
9370,6284
9371,5276
9372,3538
9373,2276
9374,7021
9375,3830
9376,4643
9377,5582
9378,80
9379,3685
9380,3486
9381,4343
9382,6627
9383,4928
9384,7709
9385,6644
9386,7990
9387,9736
9388,7637
9389,4324
9390,277
9391,7641
9392,7348
9393,7454
9394,8649
9395,6980
9396,3572
9397,9765
9398,5999
9399,7167
9400,2787
9401,2857
9402,9280
9403,7490
9404,9048
9405,5800
9406,8516
9407,378
9408,3526
9409,1817
9410,6121
9411,660
9412,7352
9413,1068
9414,5331
9415,1590
9416,1492
9417,8511
9418,5987
9419,3746
9420,1486
9421,5452
9422,2114
9423,3987
9424,5760
9425,3841
9426,4383
9427,4018
9428,8349
9429,6402
9430,9517
9431,600
9432,237
9433,4261
9434,4589
9435,8167
9436,1906
9437,7970
9438,6750
9439,4585
9440,1586
9441,1012
9442,5636
9443,7995
9444,6020
9445,8796
9446,9848
9447,4332
9448,3287
9449,7021
9450,6271
9451,2784
9452,9286
9453,6042
9454,1145
9455,9213
9456,7296
9457,4619
9458,7697
9459,6033
9460,3311
9461,5408
9462,6304
9463,6045
9464,2792
9465,7296
9466,5934
9467,4108
9468,8941
9469,2095
9470,3627
9471,2614
9472,5446
9473,38
9474,2035
9475,2275
9476,3295
9477,2154
9478,9168
9479,8297
9480,818
9481,6257
9482,2301
9483,2123
9484,5566
9485,7741
9486,7614
9487,1573
9488,258
9489,6372
9490,2398
9491,6211
9492,1413
9493,9901
9494,2185
9495,1398
9496,8345
9497,4263
9498,4858
9499,2478
9500,9421
9501,5470
9502,1648
9503,9476
9504,7260
9505,1404
9506,8342
9507,201
9508,3165
9509,8603
9510,5895
9511,7200
9512,1876
9513,3093
9514,282
9515,9607
9516,403
9517,9108
9518,1712
9519,4994
9520,351
9521,6829
9522,9024
9523,2826
9524,8854
9525,9794
9526,9778
9527,4288
9528,2884
9529,766
9530,377
9531,9236
9532,3097
9533,3081
9534,2834
9535,1981
9536,5889
9537,789
9538,5058
9539,1811
9540,9779
9541,2743
9542,3546
9543,2
9544,828
9545,3827
9546,2812
9547,6911
9548,9357
9549,3836
9550,2314
9551,81
9552,8378
9553,7656
9554,8059
9555,518
9556,2418
9557,8168
9558,4178
9559,7610
9560,9200
9561,5832
9562,9624
9563,5542
9564,9950
9565,7589
9566,6824
9567,3870
9568,6115
9569,7635
9570,7856
9571,8098
9572,108
9573,3075
9574,5447
9575,3140
9576,1640
9577,5488
9578,7638
9579,738
9580,3058
9581,4282
9582,8976
9583,3982
9584,7338
9585,7086
9586,2097
9587,2820
9588,9690
9589,649
9590,8359
9591,9337
9592,5126
9593,7918
9594,4884
9595,9046
9596,4175
9597,4546
9598,8671
9599,8208
9600,6176
9601,4010
9602,8554
9603,3669
9604,5625
9605,5056
9606,4532
9607,9354
9608,5224
9609,9444
9610,6238
9611,4282
9612,3982
9613,9811
9614,1363
9615,8127
9616,2714
9617,6105
9618,9012
9619,9435
9620,2611
9621,8864
9622,9798
9623,1338
9624,7240
9625,7814
9626,5965
9627,5206
9628,1227
9629,8795
9630,8484
9631,3542
9632,3638
9633,2397
9634,5817
9635,5618
9636,8853
9637,8462
9638,8386
9639,8936
9640,2811
9641,2718
9642,3137
9643,9612
9644,3352
9645,3383
9646,8858
9647,519
9648,9303
9649,6794
9650,3081
9651,7529
9652,6723
9653,5424
9654,474
9655,5173
9656,2936
9657,2067
9658,3791
9659,6856
9660,9077
9661,7980
9662,2838
9663,8342
9664,1937
9665,2041
9666,9558
9667,1608
9668,264
9669,7636
9670,2922
9671,1370
9672,8941
9673,1445
9674,2292
9675,212
9676,6688
9677,4556
9678,3122
9679,5658
9680,7187
9681,8012
9682,7596
9683,9848
9684,8091
9685,7661
9686,9381
9687,4287
9688,1676
9689,5515
9690,5578
9691,1041
9692,7481
9693,9281
9694,6353
9695,4594
9696,6461
9697,5433
9698,1116
9699,4954
9700,2244
9701,4253
9702,327
9703,2406
9704,2956
9705,3069
9706,6267
9707,2046
9708,4056
9709,6616
9710,2799
9711,4784
9712,5669
9713,8664
9714,2104
9715,6522
9716,1888
9717,6232
9718,5939
9719,3741
9720,215
9721,1669
9722,3484
9723,6251
9724,1283
9725,477
9726,9342
9727,6014
9728,5805
9729,6330
9730,1906
9731,2272
9732,2716
9733,3554
9734,3439
9735,7630
9736,3608
9737,8684
9738,2969
9739,7557
9740,4218
9741,7931
9742,3683
9743,6415
9744,309
9745,201
9746,2029
9747,2847
9748,826
9749,3833
9750,5219
9751,5170
9752,1752
9753,6843
9754,7743
9755,2273
9756,651
9757,4467
9758,9467
9759,5853
9760,3439
9761,8850
9762,5619
9763,8128
9764,2242
9765,4633
9766,4763
9767,365
9768,5954
9769,8112
9770,467
9771,9843
9772,3805
9773,3808
9774,819
9775,9165
9776,8954
9777,4822
9778,2956
9779,7942
9780,4822
9781,9003
9782,1121
9783,3140
9784,2023
9785,3031
9786,9302
9787,90
9788,5254
9789,2167
9790,8277
9791,2428
9792,837
9793,3210
9794,2753
9795,3673
9796,2466
9797,3671
9798,8751
9799,3969
9800,4096
9801,9373
9802,4697
9803,8468
9804,6944
9805,3828
9806,9273
9807,2447
9808,6204
9809,9611
9810,9585
9811,2062
9812,2876
9813,6331
9814,6290
9815,8243
9816,2548
9817,1889
9818,9321
9819,8663
9820,2096
9821,8880
9822,3156
9823,2721
9824,7936
9825,3788
9826,7689
9827,1081
9828,5304
9829,975
9830,8135
9831,2049
9832,7308
9833,2355
9834,8274
9835,8770
9836,6508
9837,6423
9838,1827
9839,508
9840,2696
9841,3199
9842,9253
9843,4068
9844,4383
9845,6239
9846,4570
9847,698
9848,599
9849,7884
9850,7298
9851,1323
9852,7077
9853,2174
9854,7130
9855,3476
9856,299
9857,18
9858,4400
9859,370
9860,3888
9861,2487
9862,3350
9863,7733
9864,9392
9865,4367
9866,2615
9867,8223
9868,3139
9869,4526
9870,6104
9871,6384
9872,272
9873,6154
9874,1184
9875,8907
9876,7107
9877,4844
9878,17
9879,4902
9880,1952
9881,3212
9882,7759
9883,2029
9884,5884
9885,3646
9886,2691
9887,136
9888,6308
9889,6168
9890,9468
9891,745
9892,2600
9893,8855
9894,2519
9895,4159
9896,7865
9897,9909
9898,6451
9899,2228
9900,1622
9901,5899
9902,7326
9903,4024
9904,4601
9905,9917
9906,3042
9907,2751
9908,7354
9909,7295
9910,3187
9911,6468
9912,1150
9913,3151
9914,7039
9915,3047
9916,7182
9917,843
9918,1229
9919,799
9920,2527
9921,2339
9922,7095
9923,3109
9924,9890
9925,6405
9926,8637
9927,1627
9928,5249
9929,7150
9930,9480
9931,6297
9932,4655
9933,3106
9934,6887
9935,716
9936,538
9937,5354
9938,4114
9939,6187
9940,8132
9941,4812
9942,1418
9943,5324
9944,9279
9945,2320
9946,867
9947,1372
9948,943
9949,2993
9950,8049
9951,5543
9952,6934
9953,675
9954,7285
9955,1987
9956,7974
9957,4165
9958,3318
9959,6179
9960,2745
9961,7042
9962,3656
9963,6005
9964,6357
9965,1613
9966,7702
9967,6564
9968,5356
9969,3760
9970,897
9971,1268
9972,4351
9973,940
9974,9381
9975,3493
9976,7093
9977,3517
9978,8977
9979,3204
9980,604
9981,1078
9982,5042
9983,1107
9984,51
9985,8691
9986,424
9987,2380
9988,7377
9989,2581
9990,809
9991,766
9992,3924
9993,3666
9994,3229
9995,8967
9996,508
9997,7413
9998,3992
9999,6954
